Date,Time,Temp[C],pH ,pH[mV],ORP[mV],EC[muS per cm],EC Abs.[muS per cm],RES[Ohm-cm],TDS[ppm],Sal.[psu],Sigma T,Press[psi],D.O.[percent],D.O.[ppm],Turb[FNU],Ni[ppm],Ni[mV],Am[ppm],Am[mV],CHL-a [RFU],CDOM [RFU],Tryptophan [RFU],CHL-a [mg per m3],CDOM [ppb],Tryptophan [ppb],GPS Lat.,GPS Long.
3/8/19,11:26:25,30.77,,,,1136,1260,880,568,0.56,0.0,14.320,24.9,1.80,54.4,,,,,2709.2,2019.6,160.88,,,,28.66468,77.23872
3/8/19,11:26:35,30.78,,,,1145,1270,873,572,0.56,0.0,14.320,24.9,1.80,44.5,,,,,2709.2,2019.6,160.88,,,,28.6647,77.23871
3/8/19,11:26:45,30.78,,,,1144,1270,874,572,0.56,0.0,14.320,24.9,1.80,59.6,,,,,2796.8,1984.4,156.84,,,,28.66466,77.23872
3/8/19,11:26:55,30.77,,,,1140,1265,877,570,0.56,0.0,14.320,24.9,1.80,48.7,,,,,2857.6,1994,155.64,,,,28.66465,77.23872
3/8/19,11:27:05,30.79,,,,1141,1267,876,571,0.56,0.0,14.321,24.9,1.80,59.5,,,,,2881.2,2000,159.04,,,,28.66465,77.23872
3/8/19,11:27:15,30.79,,,,1143,1269,875,571,0.56,0.0,14.321,24.9,1.80,71.7,,,,,2800.4,2003.6,157.08,,,,28.66465,77.23875
3/8/19,11:27:25,30.78,,,,1086,1206,921,543,0.53,0.0,14.322,24.9,1.80,78.2,,,,,2778.8,2006,160,,,,28.66466,77.23872
3/8/19,11:27:35,30.79,,,,1152,1279,868,576,0.56,0.0,14.324,24.9,1.80,245,,,,,2726.8,2018,158.92,,,,28.66468,77.23875
3/8/19,11:27:45,30.78,,,,1151,1278,869,576,0.56,0.0,14.326,24.9,1.80,37.7,,,,,2796.8,2018.4,158.8,,,,28.66468,77.23875
3/8/19,11:27:55,30.78,,,,1145,1271,873,573,0.56,0.0,14.324,24.9,1.80,44.0,,,,,2448.8,1982.8,158.36,,,,28.66468,77.23877
3/8/19,11:28:05,30.77,,,,1114,1236,898,557,0.55,0.0,14.323,24.9,1.80,45.8,,,,,2500.8,1576.8,130.72,,,,28.66469,77.23882
3/8/19,11:28:15,30.77,,,,1086,1206,921,543,0.53,0.0,14.323,24.9,1.80,47.3,,,,,2998,1688.4,154.4,,,,28.66469,77.23887
3/8/19,11:28:25,30.78,,,,1084,1203,923,542,0.53,0.0,14.322,24.9,1.80,47.6,,,,,3162.4,1724.8,148.48,,,,28.66469,77.23889
3/8/19,11:28:35,30.78,,,,1083,1202,923,542,0.53,0.0,14.322,24.9,1.80,47.2,,,,,2994.4,1767.2,147.52,,,,28.66468,77.23891
3/8/19,11:28:45,30.78,,,,1086,1205,921,543,0.53,0.0,14.323,24.9,1.80,47.5,,,,,3109.6,1580.4,143.88,,,,28.66468,77.23894
3/8/19,11:28:55,30.78,,,,1085,1205,922,543,0.53,0.0,14.324,24.9,1.80,45.4,,,,,3139.6,1728,152.88,,,,28.66466,77.23896
3/8/19,11:29:05,30.78,,,,1086,1206,921,543,0.53,0.0,14.322,24.9,1.80,46.0,,,,,3050.4,1743.6,155.8,,,,28.66465,77.23898
3/8/19,11:29:15,30.77,,,,1088,1208,919,544,0.53,0.0,14.323,24.9,1.80,47.4,,,,,3272.4,1624.8,151.36,,,,28.66463,77.23902
3/8/19,11:29:25,30.77,,,,1088,1208,919,544,0.53,0.0,14.324,24.9,1.80,46.4,,,,,3222.8,1667.6,155.48,,,,28.66461,77.23904
3/8/19,11:29:35,30.77,,,,1088,1208,919,544,0.53,0.0,14.324,24.9,1.80,46.1,,,,,3168,1668.8,153.44,,,,28.66459,77.23906
3/8/19,11:29:45,30.77,,,,1087,1206,920,544,0.53,0.0,14.325,24.9,1.80,46.9,,,,,3195.6,1649.2,146.56,,,,28.66458,77.23908
3/8/19,11:29:55,30.77,,,,1087,1207,920,544,0.53,0.0,14.322,24.9,1.80,48.4,,,,,3224.8,1607.2,142.96,,,,28.66454,77.2391
3/8/19,11:30:05,30.77,,,,1079,1198,927,540,0.53,0.0,14.322,24.9,1.80,45.8,,,,,3328.4,1568.8,141.28,,,,28.66453,77.23915
3/8/19,11:30:15,30.77,,,,1081,1199,925,540,0.53,0.0,14.322,24.9,1.80,50.2,,,,,3423.6,1554.8,148.4,,,,28.66451,77.23916
3/8/19,11:30:25,30.78,,,,1062,1179,942,531,0.52,0.0,14.322,24.9,1.80,46.3,,,,,3437.2,1475.6,136.12,,,,28.66449,77.23919
3/8/19,11:30:35,30.77,,,,1088,1207,919,544,0.53,0.0,14.325,24.9,1.80,47.0,,,,,3375.2,1499.6,133.84,,,,28.66449,77.23924
3/8/19,11:30:45,30.77,,,,1094,1214,914,547,0.54,0.0,14.325,24.9,1.80,59.6,,,,,3490.4,1522.4,144.96,,,,28.66447,77.23928
3/8/19,11:30:55,30.77,,,,1097,1217,912,548,0.54,0.0,14.323,24.9,1.80,49.7,,,,,3594,1430.8,139.12,,,,28.66446,77.23924
3/8/19,11:31:05,30.77,,,,1099,1220,910,550,0.54,0.0,14.323,24.9,1.80,49.4,,,,,3551.6,1417.6,138.16,,,,28.66443,77.23928
3/8/19,11:31:15,30.77,,,,1106,1228,904,553,0.54,0.0,14.324,24.9,1.80,53.1,,,,,3666,1373.6,140.08,,,,28.66441,77.23928
3/8/19,11:31:25,30.78,,,,1141,1267,876,571,0.56,0.0,14.325,24.9,1.80,43.9,,,,,3624.8,1409.2,143.04,,,,28.6644,77.23928
3/8/19,11:31:35,30.78,,,,1147,1273,872,573,0.56,0.0,14.325,24.9,1.80,45.5,,,,,3525.2,1422,137.64,,,,28.66441,77.23928
3/8/19,11:31:45,30.78,,,,1147,1273,872,574,0.56,0.0,14.325,24.9,1.80,43.8,,,,,3788,1342.4,134.08,,,,28.66441,77.23928
3/8/19,11:31:55,30.78,,,,1147,1273,872,574,0.56,0.0,14.324,24.9,1.80,47.3,,,,,3771.6,1324,130.44,,,,28.66441,77.23928
3/8/19,11:32:05,30.78,,,,1142,1268,876,571,0.56,0.0,14.323,24.9,1.80,44.7,,,,,3749.6,1334.4,135.76,,,,28.66442,77.23924
3/8/19,11:32:15,30.78,,,,1137,1262,880,569,0.56,0.0,14.323,24.9,1.80,43.8,,,,,3834.8,1235.2,128.4,,,,28.66443,77.23924
3/8/19,11:32:25,30.78,,,,1136,1261,880,568,0.56,0.0,14.325,24.9,1.80,46.4,,,,,3856.4,1255.2,129.64,,,,28.66441,77.23923
3/8/19,11:32:35,30.78,,,,1135,1260,881,568,0.56,0.0,14.323,24.9,1.80,48.5,,,,,3816,1225.2,128.72,,,,28.66442,77.23923
3/8/19,11:32:45,30.78,,,,1136,1261,880,568,0.56,0.0,14.323,24.9,1.80,44.1,,,,,3805.2,1234.4,127.2,,,,28.66442,77.23923
3/8/19,11:32:55,30.78,,,,1135,1260,881,567,0.56,0.0,14.323,24.9,1.80,42.9,,,,,3893.6,1190,131.16,,,,28.66441,77.23922
3/8/19,11:33:05,30.78,,,,1136,1261,880,568,0.56,0.0,14.322,24.9,1.80,45.1,,,,,3882.4,1070.8,114.36,,,,28.66436,77.23919
3/8/19,11:33:15,30.78,,,,1139,1264,878,569,0.56,0.0,14.320,24.9,1.80,43.1,,,,,3748,1010.4,107.04,,,,28.66438,77.23922
3/8/19,11:33:25,30.78,,,,1131,1255,884,565,0.55,0.0,14.323,24.9,1.80,47.6,,,,,4102.4,942,101.68,,,,28.66436,77.23924
3/8/19,11:33:35,30.78,,,,1109,1231,902,554,0.54,0.0,14.322,24.9,1.80,44.2,,,,,4058.4,1042.8,116.4,,,,28.66436,77.23923
3/8/19,11:33:45,30.78,,,,1111,1233,900,556,0.54,0.0,14.322,24.9,1.80,44.5,,,,,3926.4,1168,101.88,,,,28.66434,77.23923
3/8/19,11:33:55,30.76,,,,1082,1200,924,541,0.53,0.0,14.321,24.9,1.80,44.2,,,,,3893.6,1128.8,125.6,,,,28.66431,77.23919
3/8/19,11:34:05,30.77,,,,1084,1203,923,542,0.53,0.0,14.321,24.9,1.80,48.7,,,,,3887.2,1165.6,123.12,,,,28.66433,77.23923
3/8/19,11:34:15,30.77,,,,1082,1201,924,541,0.53,0.0,14.322,24.9,1.80,47.6,,,,,3733.2,1199.6,124.84,,,,28.66431,77.23924
3/8/19,11:34:25,30.77,,,,1099,1219,910,549,0.54,0.0,14.323,24.9,1.80,46.1,,,,,3216.8,1230,124.04,,,,28.66433,77.23928
3/8/19,11:34:35,30.77,,,,1097,1217,912,548,0.54,0.0,14.322,24.9,1.80,46.1,,,,,3725.6,1311.6,132.84,,,,28.66428,77.23928
3/8/19,11:34:45,30.77,,,,1105,1227,905,553,0.54,0.0,14.324,24.9,1.80,45.6,,,,,3292.8,1604.4,142.12,,,,28.66428,77.2393
3/8/19,11:34:55,30.76,,,,1088,1207,919,544,0.53,0.0,14.325,24.9,1.80,47.6,,,,,2897.2,1715.6,147.08,,,,28.66428,77.2393
3/8/19,11:35:05,30.71,,,,1088,1206,919,544,0.53,0.0,14.323,24.9,1.81,51.6,,,,,2666.4,1876.8,148.2,,,,28.66446,77.23935
3/8/19,11:35:15,30.72,,,,1065,1181,939,533,0.52,0.0,14.321,24.9,1.80,50.6,,,,,2518.8,1947.2,148.32,,,,28.66446,77.23935
3/8/19,11:35:25,30.77,,,,1009,1120,991,505,0.49,0.0,14.321,24.9,1.80,50.1,,,,,2332.8,1907.6,145.92,,,,28.66446,77.23935
3/8/19,11:35:35,30.77,,,,1033,1146,968,517,0.50,0.0,14.322,24.9,1.80,49.7,,,,,2406,2114.8,156.36,,,,28.66446,77.23935
3/8/19,11:35:45,30.81,,,,977,1085,1024,489,0.48,0.0,14.322,24.9,1.80,51.2,,,,,2256,2056.4,157.44,,,,28.66446,77.23935
3/8/19,11:35:55,30.77,,,,1048,1163,954,524,0.51,0.0,14.319,24.9,1.80,51.0,,,,,2256,2056.4,157.44,,,,28.66446,77.23935
3/8/19,11:36:05,30.79,,,,1008,1119,992,504,0.49,0.0,14.320,24.9,1.80,52.6,,,,,2378.8,2211.6,166.08,,,,28.66446,77.23935
3/8/19,11:36:15,30.86,,,,909,1010,1100,455,0.44,0.0,14.321,24.9,1.80,53.9,,,,,2378.8,2211.6,166.08,,,,28.66556,77.2383
3/8/19,11:36:25,30.86,,,,936,1041,1068,468,0.46,0.0,14.321,24.9,1.80,55.4,,,,,2340.4,2196.4,171.48,,,,28.66571,77.23819
3/8/19,11:36:35,30.85,,,,948,1053,1055,474,0.46,0.0,14.320,24.9,1.80,55.3,,,,,2328.8,2204.8,173.12,,,,28.66587,77.23806
3/8/19,11:36:45,30.88,,,,915,1017,1093,457,0.44,0.0,14.319,24.9,1.80,55.9,,,,,2328.8,2204.8,173.12,,,,28.66603,77.23794
3/8/19,11:36:55,30.89,,,,895,995,1117,448,0.43,0.0,14.319,24.9,1.80,56.9,,,,,2370.8,2210.4,165.88,,,,28.66619,77.23782
3/8/19,11:37:05,30.91,,,,868,966,1152,434,0.42,0.0,14.321,24.9,1.80,57.6,,,,,2370.8,2210.4,165.88,,,,28.66632,77.23771
3/8/19,11:37:15,30.92,,,,858,955,1166,429,0.42,0.0,14.320,24.9,1.80,56.7,,,,,2267.6,2172.4,158.72,,,,28.66647,77.23761
3/8/19,11:37:25,30.97,,,,818,911,1222,409,0.40,0.0,14.321,24.9,1.80,58.5,,,,,2267.6,2172.4,158.72,,,,28.66659,77.23752
3/8/19,11:37:35,30.97,,,,815,907,1227,407,0.39,0.0,14.322,24.9,1.80,55.1,,,,,2359.6,2200.4,167.76,,,,28.66676,77.23736
3/8/19,11:37:45,30.98,,,,819,912,1221,409,0.40,0.0,14.321,24.9,1.80,51.5,,,,,2282,2154,157.12,,,,28.66693,77.2372
3/8/19,11:37:55,30.99,,,,782,871,1279,391,0.38,0.0,14.319,24.9,1.80,53.9,,,,,2412.8,2192,167.32,,,,28.66708,77.23706
3/8/19,11:38:05,30.99,,,,810,902,1235,405,0.39,0.0,14.320,24.9,1.80,55.6,,,,,2302,2160.4,158.28,,,,28.66724,77.2369
3/8/19,11:38:15,31.06,,,,785,875,1274,392,0.38,0.0,14.318,24.9,1.79,48.9,,,,,2181.6,2026,151.84,,,,28.66741,77.23677
3/8/19,11:38:25,31.06,,,,732,816,1366,366,0.35,0.0,14.317,24.9,1.80,47.2,,,,,2292,2140,159.16,,,,28.66756,77.23667
3/8/19,11:38:35,31.04,,,,779,869,1284,390,0.38,0.0,14.315,24.9,1.80,49.4,,,,,2296,2102,153.44,,,,28.66775,77.23656
3/8/19,11:38:45,31.06,,,,757,844,1321,378,0.36,0.0,14.317,24.9,1.79,45.6,,,,,2349.2,2090.8,147.64,,,,28.66793,77.23647
3/8/19,11:38:55,31.09,,,,702,783,1425,351,0.34,0.0,14.316,24.9,1.79,43.5,,,,,2430.4,2056,151.8,,,,28.6681,77.23637
3/8/19,11:39:05,31.14,,,,679,758,1473,339,0.33,0.0,14.316,24.9,1.79,42.3,,,,,2465.6,2018.4,149.28,,,,28.66828,77.23628
3/8/19,11:39:15,31.14,,,,659,736,1517,329,0.32,0.0,14.316,24.9,1.79,49.4,,,,,2632.8,1962.4,149.24,,,,28.66846,77.23617
3/8/19,11:39:25,31.15,,,,646,722,1548,323,0.31,0.0,14.317,24.9,1.79,51.5,,,,,2796.4,1892.8,144.96,,,,28.66865,77.23608
3/8/19,11:39:35,31.12,,,,699,780,1431,349,0.34,0.0,14.316,24.9,1.79,46.4,,,,,2772,1825.6,133.12,,,,28.66881,77.23598
3/8/19,11:39:45,31.18,,,,616,688,1623,308,0.29,0.0,14.319,24.9,1.79,46.0,,,,,2882,1799.6,144.28,,,,28.66903,77.23589
3/8/19,11:39:55,31.19,,,,603,674,1658,301,0.29,0.0,14.319,24.9,1.79,47.0,,,,,2913.6,1756.8,140.32,,,,28.66922,77.23585
3/8/19,11:40:05,31.21,,,,562,629,1779,281,0.27,0.0,14.317,24.9,1.79,36.4,,,,,2909.6,1683.6,138.36,,,,28.66942,77.23589
3/8/19,11:40:15,31.22,,,,549,614,1821,275,0.26,0.0,14.316,24.9,1.79,34.7,,,,,2856.4,1642.4,139.08,,,,28.66964,77.23596
3/8/19,11:40:25,31.30,,,,458,513,2183,229,0.22,0.0,14.318,25.2,1.81,52.8,,,,,2887.2,1579.6,124.68,,,,28.66985,77.23596
3/8/19,11:40:35,31.31,,,,483,541,2070,241,0.23,0.0,14.315,25.4,1.83,65.2,,,,,2978.8,1569.6,136.24,,,,28.67004,77.23589
3/8/19,11:40:45,31.25,,,,554,620,1805,277,0.26,0.0,14.317,24.9,1.79,72.0,,,,,3021.6,1574,140.04,,,,28.67022,77.23581
3/8/19,11:40:55,31.21,,,,593,663,1686,297,0.28,0.0,14.317,24.9,1.79,84.7,,,,,3092.8,1500.4,129.24,,,,28.67037,77.2357
3/8/19,11:41:05,31.19,,,,612,684,1634,306,0.29,0.0,14.316,24.9,1.79,73.1,,,,,3221.6,1513.6,133.84,,,,28.67055,77.2356
3/8/19,11:41:15,31.19,,,,635,710,1575,318,0.30,0.0,14.317,24.9,1.79,79.3,,,,,3320.4,1513.2,141.92,,,,28.67074,77.23552
3/8/19,11:41:25,31.09,,,,736,821,1359,368,0.35,0.0,14.317,24.9,1.79,80.8,,,,,3390.8,1432.8,132.16,,,,28.67095,77.23544
3/8/19,11:41:35,31.24,,,,665,743,1504,332,0.32,0.0,14.315,24.9,1.79,40.5,,,,,3415.2,1339.2,129.24,,,,28.67113,77.23541
3/8/19,11:41:45,30.93,,,,973,1083,1028,486,0.47,0.0,14.313,24.9,1.80,76.3,,,,,3432,1346.4,128.04,,,,28.67127,77.23531
3/8/19,11:41:55,30.82,,,,1069,1187,935,534,0.52,0.0,14.313,24.9,1.80,60.3,,,,,3474,1195.6,112.96,,,,28.67148,77.23524
3/8/19,11:42:05,30.74,,,,1158,1284,864,579,0.57,0.0,14.316,24.9,1.80,82.6,,,,,3462,1325.6,126.36,,,,28.67165,77.23522
3/8/19,11:42:15,30.71,,,,1194,1324,838,597,0.59,0.0,14.315,24.9,1.80,76.9,,,,,3493.6,1306,130.64,,,,28.67179,77.23516
3/8/19,11:42:25,30.67,,,,1213,1344,824,607,0.60,0.0,14.315,24.9,1.80,75.8,,,,,3378.8,1273.2,119.88,,,,28.67198,77.23509
3/8/19,11:42:35,30.62,,,,1245,1378,803,623,0.61,0.0,14.314,24.9,1.81,72.8,,,,,3466.4,1382.8,129.24,,,,28.67215,77.23503
3/8/19,11:42:45,30.59,,,,1262,1396,792,631,0.62,0.0,14.313,24.9,1.81,58.6,,,,,3362.8,1327.2,127,,,,28.6723,77.23498
3/8/19,11:42:55,30.58,,,,1272,1407,786,636,0.63,0.0,14.314,24.9,1.81,53.9,,,,,3376,1372,129.56,,,,28.67248,77.23494
3/8/19,11:43:05,30.57,,,,1272,1407,786,636,0.63,0.0,14.313,24.9,1.81,55.2,,,,,3220.4,1392,126.44,,,,28.67268,77.23491
3/8/19,11:43:15,30.57,,,,1268,1402,789,634,0.62,0.0,14.312,24.9,1.81,43.6,,,,,3243.6,1461.2,129.64,,,,28.67268,77.23491
3/8/19,11:43:25,30.56,,,,1263,1397,792,632,0.62,0.0,14.313,24.9,1.81,345,,,,,3028,1504,130.04,,,,28.67294,77.23487
3/8/19,11:43:35,30.56,,,,1262,1395,792,631,0.62,0.0,14.313,24.9,1.81,370,,,,,2885.6,1542.8,125.28,,,,28.67294,77.23487
3/8/19,11:43:45,30.56,,,,1242,1373,805,621,0.61,0.0,14.311,24.9,1.81,282,,,,,2687.6,1604.8,134.16,,,,28.67294,77.23487
3/8/19,11:43:55,30.55,,,,1252,1384,799,626,0.62,0.0,14.313,24.9,1.81,348,,,,,2489.6,1618,132.24,,,,28.67294,77.23487
3/8/19,11:44:05,30.56,,,,1242,1373,805,621,0.61,0.0,14.314,24.9,1.81,276,,,,,2446.8,1801.6,138.12,,,,28.67294,77.23487
3/8/19,11:44:15,30.54,,,,1256,1388,796,628,0.62,0.0,14.312,24.9,1.81,396,,,,,2372.8,1813.2,139.2,,,,28.67294,77.23487
3/8/19,11:44:25,30.54,,,,1256,1388,796,628,0.62,0.0,14.314,24.9,1.81,344,,,,,2426.4,1822,133.2,,,,28.67294,77.23487
3/8/19,11:44:35,30.54,,,,1251,1383,799,625,0.62,0.0,14.312,24.9,1.81,453,,,,,2265.6,1781.2,125.12,,,,28.67294,77.23487
3/8/19,11:44:45,30.54,,,,1256,1388,796,628,0.62,0.0,14.312,24.9,1.81,455,,,,,2308.8,1835.2,134.96,,,,28.67294,77.23487
3/8/19,11:44:55,30.54,,,,1255,1387,797,627,0.62,0.0,14.312,24.9,1.81,319,,,,,2283.6,1856,128.2,,,,28.67471,77.23457
3/8/19,11:45:05,30.57,,,,1216,1345,822,608,0.60,0.0,14.312,24.9,1.81,352,,,,,2273.6,1829.2,136.6,,,,28.6749,77.23455
3/8/19,11:45:15,30.59,,,,1216,1345,822,608,0.60,0.0,14.314,24.9,1.81,443,,,,,2298,1847.2,138.76,,,,28.67507,77.23451
3/8/19,11:45:25,30.63,,,,1174,1300,852,587,0.58,0.0,14.314,24.9,1.81,356,,,,,2154.8,1659.6,103.92,,,,28.67524,77.23445
3/8/19,11:45:35,30.65,,,,1158,1282,864,579,0.57,0.0,14.312,24.9,1.81,404,,,,,2169.2,1511.6,105.72,,,,28.67542,77.2344
3/8/19,11:45:45,30.67,,,,1128,1250,887,564,0.55,0.0,14.314,24.9,1.80,427,,,,,2144.4,1504,111.28,,,,28.67559,77.23435
3/8/19,11:45:55,30.68,,,,1110,1230,901,555,0.54,0.0,14.313,24.9,1.80,382,,,,,2148,1514.8,112.2,,,,28.67575,77.23429
3/8/19,11:46:05,30.69,,,,1096,1215,912,548,0.54,0.0,14.311,24.9,1.80,427,,,,,2148.4,1603.2,101.36,,,,28.67593,77.23423
3/8/19,11:46:15,30.70,,,,1072,1188,933,536,0.52,0.0,14.312,24.9,1.80,400,,,,,2133.2,1392.4,115.88,,,,28.67613,77.23418
3/8/19,11:46:25,30.71,,,,1066,1182,938,533,0.52,0.0,14.311,24.9,1.80,342,,,,,2176.8,1232.4,82.48,,,,28.67629,77.23411
3/8/19,11:46:35,30.72,,,,1033,1145,968,516,0.50,0.0,14.310,24.9,1.80,451,,,,,2065.6,1618,121.48,,,,28.67647,77.23405
3/8/19,11:46:45,30.74,,,,1015,1126,985,508,0.50,0.0,14.313,24.9,1.80,456,,,,,2065.6,1618,121.48,,,,28.67666,77.23398
3/8/19,11:46:55,30.77,,,,972,1079,1029,486,0.47,0.0,14.312,24.9,1.80,339,,,,,1993.2,1660.8,115.84,,,,28.67682,77.23392
3/8/19,11:47:05,30.79,,,,941,1045,1063,471,0.46,0.0,14.310,24.9,1.80,412,,,,,1993.2,1660.8,115.84,,,,28.67701,77.23384
3/8/19,11:47:15,30.82,,,,904,1005,1106,452,0.44,0.0,14.309,24.9,1.80,369,,,,,2146.4,1670.8,99.2,,,,28.67718,77.23377
3/8/19,11:47:25,30.86,,,,860,956,1163,430,0.42,0.0,14.308,24.9,1.80,450,,,,,2146.4,1670.8,99.2,,,,28.67735,77.23368
3/8/19,11:47:35,30.90,,,,824,917,1214,412,0.40,0.0,14.308,24.9,1.80,333,,,,,2208.4,1542.4,99.68,,,,28.67753,77.23362
3/8/19,11:47:45,30.93,,,,801,891,1248,401,0.39,0.0,14.308,24.9,1.80,588,,,,,2117.6,1628.4,101.72,,,,28.6777,77.23352
3/8/19,11:47:55,30.94,,,,777,865,1287,389,0.37,0.0,14.307,24.9,1.80,299,,,,,2117.6,1628.4,101.72,,,,28.67785,77.23344
3/8/19,11:48:05,30.97,,,,759,845,1318,380,0.37,0.0,14.308,24.9,1.80,388,,,,,2120,1686.8,106.04,,,,28.67798,77.23336
3/8/19,11:48:15,30.97,,,,756,841,1323,378,0.36,0.0,14.307,24.9,1.80,441,,,,,2120,1686.8,106.04,,,,28.67815,77.23325
3/8/19,11:48:25,30.97,,,,757,843,1321,379,0.37,0.0,14.308,24.9,1.80,394,,,,,2104.8,1690,95.28,,,,28.67829,77.23314
3/8/19,11:48:35,30.96,,,,767,854,1304,384,0.37,0.0,14.309,24.9,1.80,568,,,,,1320,715.2,117.44,,,,28.67843,77.23302
3/8/19,11:48:45,30.96,,,,778,866,1285,389,0.38,0.0,14.310,24.9,1.80,407,,,,,1332.8,1019.6,87.88,,,,28.67857,77.23291
3/8/19,11:48:55,30.93,,,,793,882,1261,396,0.38,0.0,14.309,24.9,1.80,399,,,,,1432.8,734.4,85.44,,,,28.67871,77.23283
3/8/19,11:49:05,30.92,,,,815,907,1227,408,0.39,0.0,14.310,24.9,1.80,222,,,,,1108.8,756.8,91.44,,,,28.67884,77.23274
3/8/19,11:49:15,30.88,,,,846,941,1182,423,0.41,0.0,14.310,24.9,1.80,310,,,,,1497.2,704.8,117.04,,,,28.67895,77.23263
3/8/19,11:49:25,30.85,,,,884,982,1131,442,0.43,0.0,14.308,24.9,1.80,211,,,,,1390,791.2,118.8,,,,28.67907,77.23251
3/8/19,11:49:35,30.79,,,,941,1045,1063,470,0.46,0.0,14.308,24.9,1.80,218,,,,,2130.8,735.2,112.44,,,,28.67916,77.23243
3/8/19,11:49:45,30.74,,,,995,1104,1005,498,0.49,0.0,14.310,24.9,1.80,205,,,,,1646,990.8,118.2,,,,28.67928,77.23227
3/8/19,11:49:55,30.68,,,,1055,1169,948,528,0.52,0.0,14.309,24.9,1.80,187,,,,,1552.4,724.4,121.32,,,,28.67938,77.23215
3/8/19,11:50:05,30.63,,,,1109,1227,902,554,0.54,0.0,14.310,24.9,1.81,232,,,,,1996,707.6,116.6,,,,28.67947,77.23204
3/8/19,11:50:15,30.57,,,,1160,1283,862,580,0.57,0.0,14.311,24.9,1.81,141,,,,,2174,704.4,122.08,,,,28.67957,77.2319
3/8/19,11:50:25,30.53,,,,1189,1314,841,595,0.58,0.0,14.310,24.9,1.81,169,,,,,2348.8,1220,114.6,,,,28.67965,77.2318
3/8/19,11:50:35,30.51,,,,1201,1327,833,601,0.59,0.0,14.309,24.9,1.81,138,,,,,1946,1306.4,115.76,,,,28.67977,77.23167
3/8/19,11:50:45,30.49,,,,1210,1336,826,605,0.59,0.0,14.308,24.9,1.81,305,,,,,2103.6,602.4,105.8,,,,28.67986,77.23157
3/8/19,11:50:55,30.47,,,,1222,1349,818,611,0.60,0.0,14.307,24.9,1.81,156,,,,,2277.2,800,118.8,,,,28.67998,77.23147
3/8/19,11:51:05,30.45,,,,1234,1361,810,617,0.61,0.0,14.307,24.9,1.81,178,,,,,2228.4,725.2,97.92,,,,28.68012,77.23138
3/8/19,11:51:15,30.44,,,,1238,1366,808,619,0.61,0.0,14.308,24.9,1.81,228,,,,,2105.6,758.4,116.72,,,,28.68026,77.23132
3/8/19,11:51:25,30.44,,,,1236,1363,809,618,0.61,0.0,14.309,24.9,1.81,250,,,,,1944,757.6,105.88,,,,28.68041,77.2313
3/8/19,11:51:35,30.44,,,,1239,1367,807,619,0.61,0.0,14.308,24.9,1.81,165,,,,,2160.8,641.6,107.6,,,,28.68054,77.23125
3/8/19,11:51:45,30.43,,,,1240,1368,806,620,0.61,0.0,14.307,24.9,1.81,152,,,,,2032,988.4,119.12,,,,28.68069,77.23123
3/8/19,11:51:55,30.43,,,,1240,1368,806,620,0.61,0.0,14.309,24.9,1.81,192,,,,,1578.4,628.4,112.24,,,,28.68084,77.23122
3/8/19,11:52:05,30.43,,,,1240,1368,806,620,0.61,0.0,14.308,24.9,1.81,187,,,,,1650,544.4,116.2,,,,28.68097,77.2312
3/8/19,11:52:15,30.43,,,,1238,1366,808,619,0.61,0.0,14.309,24.9,1.81,200,,,,,1812.8,633.6,115.76,,,,28.68113,77.23117
3/8/19,11:52:25,30.43,,,,1234,1361,810,617,0.61,0.0,14.308,24.9,1.81,220,,,,,1621.6,464.8,128.92,,,,28.68127,77.23116
3/8/19,11:52:35,30.43,,,,1228,1355,814,614,0.60,0.0,14.310,24.9,1.81,218,,,,,1134.8,610.4,113.16,,,,28.68142,77.23114
3/8/19,11:52:45,30.42,,,,1229,1356,814,615,0.61,0.0,14.308,24.9,1.81,187,,,,,1642.4,839.2,114.44,,,,28.68157,77.2311
3/8/19,11:52:55,30.42,,,,1226,1352,816,613,0.60,0.0,14.308,24.9,1.81,205,,,,,1215.6,628.8,126.76,,,,28.68157,77.2311
3/8/19,11:53:05,30.41,,,,1218,1343,821,609,0.60,0.0,14.309,24.9,1.81,181,,,,,923.2,569.2,84.16,,,,28.68157,77.2311
3/8/19,11:53:15,30.42,,,,1216,1341,822,608,0.60,0.0,14.305,24.9,1.81,193,,,,,1005.2,644.4,98.24,,,,28.68157,77.2311
3/8/19,11:53:25,30.42,,,,1219,1345,820,610,0.60,0.0,14.309,24.9,1.81,185,,,,,402.4,557.6,93.16,,,,28.68157,77.2311
3/8/19,11:53:35,30.41,,,,1214,1339,824,607,0.60,0.0,14.306,24.9,1.81,227,,,,,1002.8,1130.8,107.04,,,,28.68157,77.2311
3/8/19,11:53:45,30.41,,,,1217,1342,822,608,0.60,0.0,14.307,24.9,1.81,227,,,,,989.6,640,81.36,,,,28.68157,77.2311
3/8/19,11:53:55,30.40,,,,1213,1338,824,607,0.60,0.0,14.307,24.9,1.81,230,,,,,751.6,711.6,111.16,,,,28.68157,77.2311
3/8/19,11:54:05,30.41,,,,1209,1334,827,605,0.59,0.0,14.310,24.9,1.81,320,,,,,308.84,742,102.68,,,,28.68279,77.2309
3/8/19,11:54:15,30.41,,,,1218,1343,821,609,0.60,0.0,14.309,24.9,1.81,176,,,,,1588.8,1298,123.36,,,,28.68294,77.23086
3/8/19,11:54:25,30.41,,,,1213,1338,824,607,0.60,0.0,14.308,24.9,1.81,190,,,,,1866.8,533.2,101.08,,,,28.68309,77.23086
3/8/19,11:54:35,30.41,,,,1217,1342,822,608,0.60,0.0,14.308,24.9,1.81,229,,,,,1539.2,580.4,129.88,,,,28.68322,77.23082
3/8/19,11:54:45,30.41,,,,1214,1339,824,607,0.60,0.0,14.307,24.9,1.81,225,,,,,1687.6,543.2,136.04,,,,28.68338,77.2308
3/8/19,11:54:55,30.41,,,,1217,1342,822,609,0.60,0.0,14.308,24.9,1.81,206,,,,,1416.4,514,144.48,,,,28.68353,77.23077
3/8/19,11:55:05,30.41,,,,1215,1339,823,607,0.60,0.0,14.309,24.9,1.81,192,,,,,1229.2,548,137.96,,,,28.68366,77.23075
3/8/19,11:55:15,30.42,,,,1210,1334,826,605,0.59,0.0,14.309,24.9,1.81,204,,,,,1409.2,559.2,106.6,,,,28.6838,77.23075
3/8/19,11:55:25,30.41,,,,1208,1332,828,604,0.59,0.0,14.308,24.9,1.81,179,,,,,1458,932.4,128.72,,,,28.68393,77.23071
3/8/19,11:55:35,30.41,,,,1205,1329,830,603,0.59,0.0,14.308,24.9,1.81,220,,,,,1396.4,1260,147.36,,,,28.68407,77.23069
3/8/19,11:55:45,30.41,,,,1205,1329,830,603,0.59,0.0,14.309,24.9,1.81,171,,,,,1230.4,895.2,149.08,,,,28.68422,77.23064
3/8/19,11:55:55,30.41,,,,1205,1329,830,603,0.59,0.0,14.308,24.9,1.81,181,,,,,1155.2,517.6,167.44,,,,28.68437,77.23062
3/8/19,11:56:05,30.41,,,,1214,1339,824,607,0.60,0.0,14.308,24.9,1.81,181,,,,,1158,622.4,154.56,,,,28.6845,77.2306
3/8/19,11:56:15,30.43,,,,1212,1337,825,606,0.60,0.0,14.308,24.9,1.81,160,,,,,1236,695.6,145.4,,,,28.68466,77.23057
3/8/19,11:56:25,30.40,,,,1220,1345,820,610,0.60,0.0,14.307,24.9,1.81,173,,,,,1309.2,675.2,142.96,,,,28.68479,77.23054
3/8/19,11:56:35,30.39,,,,1224,1350,817,612,0.60,0.0,14.310,24.9,1.81,183,,,,,1190.4,1118,150.76,,,,28.68491,77.23048
3/8/19,11:56:45,30.38,,,,1230,1356,813,615,0.61,0.0,14.310,24.9,1.81,167,,,,,1185.6,694.4,116.16,,,,28.68505,77.23044
3/8/19,11:56:55,30.40,,,,1223,1348,818,611,0.60,0.0,14.307,24.9,1.81,204,,,,,1336,814.4,95.88,,,,28.68518,77.23042
3/8/19,11:57:05,30.43,,,,1214,1339,824,607,0.60,0.0,14.306,24.9,1.81,161,,,,,1320,848.4,119.36,,,,28.68531,77.23039
3/8/19,11:57:15,30.40,,,,1229,1356,814,615,0.61,0.0,14.306,24.9,1.81,166,,,,,1275.6,675.6,107.4,,,,28.68546,77.23039
3/8/19,11:57:25,30.44,,,,1182,1305,846,591,0.58,0.0,14.305,24.9,1.81,140,,,,,1603.6,1020.8,119.36,,,,28.68558,77.23038
3/8/19,11:57:35,30.46,,,,1200,1324,833,600,0.59,0.0,14.306,24.9,1.81,166,,,,,1603.6,1020.8,119.36,,,,28.6857,77.23036
3/8/19,11:57:45,30.46,,,,1208,1334,828,604,0.59,0.0,14.307,24.9,1.81,158,,,,,1236.4,682,97.8,,,,28.68582,77.23036
3/8/19,11:57:55,30.48,,,,1181,1304,847,590,0.58,0.0,14.306,24.9,1.81,171,,,,,1236.4,682,97.8,,,,28.68594,77.23034
3/8/19,11:58:05,30.46,,,,1185,1308,844,593,0.58,0.0,14.308,24.9,1.81,211,,,,,1322,717.2,118.96,,,,28.68605,77.23032
3/8/19,11:58:15,30.47,,,,1192,1316,839,596,0.59,0.0,14.309,24.9,1.81,191,,,,,1322,717.2,118.96,,,,28.68618,77.23032
3/8/19,11:58:25,30.49,,,,1214,1341,824,607,0.60,0.0,14.310,24.9,1.81,141,,,,,1255.6,712.4,108.8,,,,28.68628,77.23032
3/8/19,11:58:35,30.51,,,,1153,1274,867,576,0.57,0.0,14.307,24.9,1.81,172,,,,,1255.6,712.4,108.8,,,,28.68636,77.23032
3/8/19,11:58:45,30.49,,,,1167,1289,857,584,0.57,0.0,14.306,24.9,1.81,199,,,,,1238.4,809.6,100.84,,,,28.68646,77.23032
3/8/19,11:58:55,30.52,,,,1130,1248,885,565,0.55,0.0,14.307,24.9,1.81,163,,,,,1484.8,697.6,97.72,,,,28.68657,77.23029
3/8/19,11:59:05,30.57,,,,1121,1240,892,561,0.55,0.0,14.307,24.9,1.81,174,,,,,1484.8,697.6,97.72,,,,28.68667,77.23029
3/8/19,11:59:15,30.57,,,,1109,1226,902,554,0.54,0.0,14.309,24.9,1.81,155,,,,,1835.2,673.6,107.24,,,,28.68679,77.23027
3/8/19,11:59:25,30.60,,,,1090,1206,917,545,0.53,0.0,14.309,24.9,1.81,168,,,,,1416.8,686,97.6,,,,28.68692,77.23023
3/8/19,11:59:35,30.57,,,,1139,1259,878,569,0.56,0.0,14.309,24.9,1.81,163,,,,,2186.8,882.8,117.4,,,,28.68703,77.23023
3/8/19,11:59:45,30.56,,,,1138,1259,879,569,0.56,0.0,14.308,24.9,1.81,243,,,,,2225.2,1688.4,111.76,,,,28.68714,77.23023
3/8/19,11:59:55,30.53,,,,1161,1283,861,580,0.57,0.0,14.310,24.9,1.81,181,,,,,2244,1765.6,122.68,,,,28.68726,77.23019
3/8/19,12:00:05,30.54,,,,1160,1282,862,580,0.57,0.0,14.310,24.9,1.81,230,,,,,2339.6,1735.6,117.76,,,,28.68736,77.23012
3/8/19,12:00:15,30.49,,,,1200,1325,833,600,0.59,0.0,14.309,24.9,1.81,183,,,,,2359.2,1768.4,117.56,,,,28.68748,77.23009
3/8/19,12:00:25,30.49,,,,1195,1320,837,597,0.59,0.0,14.310,24.9,1.81,152,,,,,2364.4,1783.2,116.2,,,,28.68759,77.23012
3/8/19,12:00:35,30.51,,,,1187,1311,842,593,0.58,0.0,14.311,24.9,1.81,177,,,,,1154.4,862.4,99.28,,,,28.68772,77.2301
3/8/19,12:00:45,30.49,,,,1204,1330,831,602,0.59,0.0,14.308,24.9,1.81,177,,,,,1528.4,614,104.88,,,,28.68783,77.23008
3/8/19,12:00:55,30.47,,,,1226,1354,816,613,0.60,0.0,14.306,24.9,1.81,260,,,,,1367.6,614.8,135.76,,,,28.68795,77.23006
3/8/19,12:01:05,30.42,,,,1285,1418,778,643,0.63,0.0,14.308,24.9,1.81,217,,,,,2413.6,1528,116.84,,,,28.68809,77.23
3/8/19,12:01:15,30.37,,,,1287,1418,777,643,0.63,0.0,14.306,24.9,1.81,263,,,,,2212.4,1571.6,119.28,,,,28.6882,77.22997
3/8/19,12:01:25,30.34,,,,1292,1423,774,646,0.64,0.0,14.308,24.9,1.81,295,,,,,2334,1614.8,118.36,,,,28.68834,77.22995
3/8/19,12:01:35,30.36,,,,1300,1433,769,650,0.64,0.0,14.308,24.9,1.81,316,,,,,2370.4,1356.4,125.44,,,,28.68845,77.22993
3/8/19,12:01:45,30.34,,,,1302,1435,768,651,0.64,0.0,14.308,24.9,1.81,187,,,,,2275.2,1586.4,120.44,,,,28.68855,77.22992
3/8/19,12:01:55,30.37,,,,1289,1420,776,644,0.64,0.0,14.309,24.9,1.81,191,,,,,2247.2,1618.8,114.48,,,,28.68855,77.22992
3/8/19,12:02:05,30.39,,,,1287,1418,777,643,0.63,0.0,14.308,24.9,1.81,197,,,,,2217.6,1615.6,117.84,,,,28.68855,77.22992
3/8/19,12:02:15,30.39,,,,1280,1412,781,640,0.63,0.0,14.310,24.9,1.81,163,,,,,2194.8,1678.4,118.92,,,,28.68855,77.22992
3/8/19,12:02:25,30.39,,,,1276,1406,784,638,0.63,0.0,14.310,24.9,1.81,231,,,,,2225.2,1647.6,115.16,,,,28.68855,77.22992
3/8/19,12:02:35,30.42,,,,1271,1401,787,635,0.63,0.0,14.308,24.9,1.81,181,,,,,2288.4,1338,116.88,,,,28.68855,77.22992
3/8/19,12:02:45,30.41,,,,1265,1395,791,632,0.62,0.0,14.309,24.9,1.81,176,,,,,2323.6,1735.6,124.12,,,,28.68855,77.22992
3/8/19,12:02:55,30.40,,,,1270,1401,787,635,0.63,0.0,14.310,24.9,1.81,158,,,,,2230,1663.2,115.2,,,,28.68855,77.22992
3/8/19,12:03:05,30.39,,,,1262,1391,792,631,0.62,0.0,14.307,24.9,1.81,214,,,,,2301.6,1550.4,119.08,,,,28.68855,77.22992
3/8/19,12:03:15,30.38,,,,1278,1409,782,639,0.63,0.0,14.309,24.9,1.81,156,,,,,2286.8,1676,115.52,,,,28.68985,77.22977
3/8/19,12:03:25,30.37,,,,1293,1425,773,647,0.64,0.0,14.307,24.9,1.81,220,,,,,2312.4,1694.8,125.12,,,,28.68997,77.22973
3/8/19,12:03:35,30.35,,,,1296,1428,772,648,0.64,0.0,14.306,24.9,1.81,188,,,,,2241.6,1622.8,112.92,,,,28.69007,77.22973
3/8/19,12:03:45,30.34,,,,1300,1432,769,650,0.64,0.0,14.308,24.9,1.81,283,,,,,2253.6,762.8,96.6,,,,28.69022,77.22971
3/8/19,12:03:55,30.37,,,,1294,1426,773,647,0.64,0.0,14.308,24.9,1.81,216,,,,,2341.2,1328.8,105.56,,,,28.69036,77.22971
3/8/19,12:04:05,30.34,,,,1311,1444,763,656,0.65,0.0,14.308,24.9,1.81,178,,,,,2118,782,117.4,,,,28.69045,77.22968
3/8/19,12:04:15,30.34,,,,1318,1452,759,659,0.65,0.0,14.308,24.9,1.81,113,,,,,2080.4,1429.2,99.96,,,,28.69046,77.22968
3/8/19,12:04:25,30.33,,,,1310,1443,763,655,0.65,0.0,14.307,24.9,1.81,113,,,,,2082,742.8,112.68,,,,28.69046,77.22968
3/8/19,12:04:35,30.30,,,,1306,1437,766,653,0.64,0.0,14.307,24.9,1.81,110,,,,,2069.6,768.4,106.16,,,,28.69046,77.22968
3/8/19,12:04:45,30.29,,,,1308,1439,765,654,0.65,0.0,14.305,24.9,1.81,107,,,,,2169.2,989.2,105.48,,,,28.69044,77.22968
3/8/19,12:04:55,30.30,,,,1310,1442,763,655,0.65,0.0,14.305,24.9,1.81,110,,,,,2294.4,754.8,108.76,,,,28.69042,77.22968
3/8/19,12:05:05,30.31,,,,1316,1449,760,658,0.65,0.0,14.303,24.9,1.81,131,,,,,2274.8,1093.2,94.6,,,,28.69043,77.22971
3/8/19,12:05:15,30.36,,,,1293,1425,773,646,0.64,0.0,14.304,24.9,1.81,213,,,,,2301.6,1110,103.64,,,,28.69057,77.22977
3/8/19,12:05:25,30.39,,,,1279,1410,782,640,0.63,0.0,14.305,24.9,1.81,344,,,,,2410.8,887.6,103.48,,,,28.69074,77.22978
3/8/19,12:05:35,30.44,,,,1212,1337,825,606,0.60,0.0,14.306,24.9,1.81,322,,,,,2448,1065.2,110.52,,,,28.69089,77.22977
3/8/19,12:05:45,30.43,,,,1258,1388,795,629,0.62,0.0,14.307,24.9,1.81,197,,,,,2389.2,951.2,119.12,,,,28.69102,77.22973
3/8/19,12:05:55,30.41,,,,1256,1385,796,628,0.62,0.0,14.307,24.9,1.81,357,,,,,2400.4,559.6,94.48,,,,28.69118,77.22971
3/8/19,12:06:05,30.41,,,,1261,1391,793,631,0.62,0.0,14.309,24.9,1.81,240,,,,,2325.2,692,108.8,,,,28.69132,77.22966
3/8/19,12:06:15,30.41,,,,1270,1401,787,635,0.63,0.0,14.307,25.0,1.82,202,,,,,2155.6,752.8,93.16,,,,28.69148,77.22964
3/8/19,12:06:25,30.38,,,,1297,1429,771,648,0.64,0.0,14.309,24.9,1.81,267,,,,,2336.8,618,102.28,,,,28.69163,77.22962
3/8/19,12:06:35,30.36,,,,1308,1441,765,654,0.65,0.0,14.308,24.9,1.81,496,,,,,1849.6,592.8,96.32,,,,28.69177,77.22961
3/8/19,12:06:45,30.33,,,,1309,1442,764,655,0.65,0.0,14.306,24.9,1.81,769,,,,,2269.2,990,105.48,,,,28.69194,77.22961
3/8/19,12:06:55,30.36,,,,1289,1420,776,645,0.64,0.0,14.306,24.9,1.81,581,,,,,2151.6,621.6,91.68,,,,28.69209,77.22961
3/8/19,12:07:05,30.35,,,,1294,1426,773,647,0.64,0.0,14.306,24.9,1.81,157,,,,,2190.8,764.8,113.08,,,,28.69223,77.22958
3/8/19,12:07:15,30.36,,,,1308,1441,765,654,0.65,0.0,14.306,24.9,1.81,114,,,,,2072.4,746,109.16,,,,28.69235,77.22956
3/8/19,12:07:25,30.35,,,,1297,1428,771,648,0.64,0.0,14.306,24.9,1.81,127,,,,,2097.2,683.6,129.48,,,,28.69249,77.22954
3/8/19,12:07:35,30.38,,,,1273,1403,786,637,0.63,0.0,14.309,24.9,1.81,127,,,,,1542,608,107.76,,,,28.69262,77.22956
3/8/19,12:07:45,30.38,,,,1287,1419,777,643,0.63,0.0,14.308,24.9,1.81,157,,,,,1561.2,674.8,138,,,,28.69274,77.22956
3/8/19,12:07:55,30.36,,,,1305,1438,766,653,0.64,0.0,14.309,24.9,1.81,126,,,,,1810.4,1203.6,99.84,,,,28.69288,77.22947
3/8/19,12:08:05,30.36,,,,1297,1429,771,648,0.64,0.0,14.308,24.9,1.81,128,,,,,2274.4,1397.2,109.76,,,,28.69301,77.22947
3/8/19,12:08:15,30.33,,,,1320,1454,758,660,0.65,0.0,14.310,24.9,1.81,139,,,,,1964,1410.8,99,,,,28.69318,77.22944
3/8/19,12:08:25,30.36,,,,1319,1453,758,659,0.65,0.0,14.310,24.9,1.81,113,,,,,1964,1410.8,99,,,,28.69332,77.22943
3/8/19,12:08:35,30.38,,,,1279,1410,782,640,0.63,0.0,14.308,24.9,1.81,104,,,,,1990,1623.2,105.24,,,,28.69346,77.22941
3/8/19,12:08:45,30.32,,,,1330,1464,752,665,0.66,0.0,14.307,24.9,1.81,101,,,,,1990,1623.2,105.24,,,,28.69361,77.22939
3/8/19,12:08:55,30.29,,,,1368,1505,731,684,0.68,0.0,14.306,24.9,1.81,133,,,,,2098.4,1497.6,101.76,,,,28.69374,77.22938
3/8/19,12:09:05,30.23,,,,1346,1480,743,673,0.67,0.0,14.305,24.9,1.82,136,,,,,2098.4,1497.6,101.76,,,,28.69386,77.22938
3/8/19,12:09:15,30.28,,,,1413,1555,708,707,0.70,0.0,14.305,24.9,1.81,115,,,,,2936,1398.8,97.08,,,,28.69401,77.22934
3/8/19,12:09:25,30.31,,,,1364,1501,733,682,0.67,0.0,14.306,24.9,1.81,120,,,,,2936,1398.8,97.08,,,,28.69415,77.22939
3/8/19,12:09:35,30.38,,,,1259,1387,794,629,0.62,0.0,14.305,24.9,1.81,138,,,,,2960.8,1400,92.04,,,,28.6943,77.22944
3/8/19,12:09:45,30.41,,,,1207,1331,829,603,0.59,0.0,14.307,24.9,1.81,153,,,,,2960.8,1400,92.04,,,,28.69446,77.22947
3/8/19,12:09:55,30.45,,,,1161,1281,861,580,0.57,0.0,14.306,24.9,1.81,140,,,,,2950,1382,105,,,,28.69459,77.22947
3/8/19,12:10:05,30.45,,,,1186,1309,843,593,0.58,0.0,14.306,24.9,1.81,136,,,,,2928.4,1330.8,92.32,,,,28.69472,77.22947
3/8/19,12:10:15,30.48,,,,1123,1240,890,561,0.55,0.0,14.307,24.9,1.81,147,,,,,3166,723.6,82.92,,,,28.69484,77.22947
3/8/19,12:10:25,30.43,,,,1186,1308,843,593,0.58,0.0,14.306,24.9,1.81,138,,,,,2160.8,972,114.8,,,,28.69501,77.22943
3/8/19,12:10:35,30.45,,,,1165,1286,858,583,0.57,0.0,14.307,24.9,1.81,144,,,,,2922.4,1086.8,74.76,,,,28.69512,77.22941
3/8/19,12:10:45,30.44,,,,1154,1274,867,577,0.57,0.0,14.304,24.9,1.81,133,,,,,3170.8,847.2,98.36,,,,28.69524,77.22939
3/8/19,12:10:55,30.44,,,,1178,1300,849,589,0.58,0.0,14.306,24.9,1.81,145,,,,,3475.2,932.4,108.44,,,,28.69534,77.22938
3/8/19,12:11:05,30.46,,,,1147,1266,872,574,0.56,0.0,14.306,24.9,1.81,145,,,,,3082.8,710.4,77.76,,,,28.69546,77.22934
3/8/19,12:11:15,30.46,,,,1153,1273,867,577,0.57,0.0,14.304,24.9,1.81,137,,,,,3533.6,826.4,86.44,,,,28.69562,77.22933
3/8/19,12:11:25,30.42,,,,1202,1325,832,601,0.59,0.0,14.305,24.9,1.81,137,,,,,3449.2,648,85.16,,,,28.69575,77.22931
3/8/19,12:11:35,30.37,,,,1261,1389,793,630,0.62,0.0,14.303,24.9,1.81,130,,,,,3534.4,477.2,120.6,,,,28.69578,77.22931
3/8/19,12:11:45,30.36,,,,1296,1428,772,648,0.64,0.0,14.303,24.9,1.81,120,,,,,3418.4,1148,97.84,,,,28.69578,77.22931
3/8/19,12:11:55,30.31,,,,1367,1505,732,683,0.68,0.0,14.304,24.9,1.81,130,,,,,3443.6,1162,85.28,,,,28.69578,77.22931
3/8/19,12:12:05,30.29,,,,1355,1491,738,677,0.67,0.0,14.303,24.9,1.81,124,,,,,3410.8,1140.8,106.48,,,,28.69578,77.22931
3/8/19,12:12:15,30.22,,,,1454,1598,688,727,0.72,0.0,14.303,24.9,1.82,117,,,,,3370,1106.8,82.72,,,,28.69578,77.22931
3/8/19,12:12:25,30.21,,,,1485,1632,673,742,0.74,0.0,14.306,24.9,1.82,114,,,,,3242.8,1200.4,90.32,,,,28.69578,77.22931
3/8/19,12:12:35,30.14,,,,1577,1731,634,789,0.79,0.0,14.305,24.9,1.82,108,,,,,3152,1220,88.12,,,,28.69578,77.22931
3/8/19,12:12:45,30.18,,,,1512,1661,661,756,0.75,0.0,14.304,24.9,1.82,108,,,,,2974.8,1189.6,79.16,,,,28.69578,77.22931
3/8/19,12:12:55,30.21,,,,1467,1612,682,733,0.73,0.0,14.303,24.9,1.82,120,,,,,3072,1033.2,80.56,,,,28.69694,77.22938
3/8/19,12:13:05,30.22,,,,1417,1558,706,708,0.70,0.0,14.304,24.9,1.82,115,,,,,2994.4,1200,93.08,,,,28.69709,77.22941
3/8/19,12:13:15,30.43,,,,1106,1221,904,553,0.54,0.0,14.304,24.9,1.81,118,,,,,2905.6,1202.4,87.56,,,,28.69722,77.22947
3/8/19,12:13:25,30.53,,,,1050,1160,952,525,0.51,0.0,14.303,24.9,1.81,118,,,,,2856.8,1034.8,84.44,,,,28.69735,77.22952
3/8/19,12:13:35,30.59,,,,935,1034,1070,467,0.45,0.0,14.303,24.9,1.81,104,,,,,2816.8,1226.8,91.68,,,,28.69747,77.22958
3/8/19,12:13:45,30.63,,,,905,1002,1105,453,0.44,0.0,14.302,24.9,1.81,108,,,,,2853.2,808,107.08,,,,28.6976,77.22964
3/8/19,12:13:55,30.67,,,,845,936,1183,422,0.41,0.0,14.303,24.9,1.81,108,,,,,2716,1186.4,104.28,,,,28.69773,77.22968
3/8/19,12:14:05,30.69,,,,810,897,1235,405,0.39,0.0,14.301,24.9,1.80,76.1,,,,,2733.2,623.2,98,,,,28.69786,77.22975
3/8/19,12:14:15,30.72,,,,751,833,1332,376,0.36,0.0,14.303,24.9,1.81,71.3,,,,,2662.4,1252.4,80.92,,,,28.69798,77.22978
3/8/19,12:14:25,30.72,,,,775,859,1290,387,0.37,0.0,14.303,25.1,1.82,112,,,,,2660.4,1208.4,103.88,,,,28.69812,77.22981
3/8/19,12:14:35,30.76,,,,701,777,1427,350,0.34,0.0,14.303,25.5,1.84,44.6,,,,,2718.8,1195.6,83.56,,,,28.69826,77.2299
3/8/19,12:14:45,30.79,,,,638,709,1567,319,0.31,0.0,14.301,26.0,1.88,85.8,,,,,2746.8,836.8,92.4,,,,28.69839,77.22996
3/8/19,12:14:55,30.82,,,,611,678,1637,305,0.29,0.0,14.302,26.3,1.90,86.7,,,,,2445.6,1226.8,93.04,,,,28.69853,77.23003
3/8/19,12:15:05,30.82,,,,609,676,1642,304,0.29,0.0,14.302,26.4,1.91,86.8,,,,,2699.6,1250.8,109.24,,,,28.69866,77.23006
3/8/19,12:15:15,30.82,,,,621,690,1610,311,0.30,0.0,14.300,26.4,1.91,44.9,,,,,2560,1200,93.8,,,,28.69878,77.23008
3/8/19,12:15:25,30.81,,,,626,695,1597,313,0.30,0.0,14.301,26.4,1.91,69.4,,,,,2516,1288.8,102.88,,,,28.69893,77.23012
3/8/19,12:15:35,30.81,,,,627,696,1595,313,0.30,0.0,14.303,26.3,1.91,98.4,,,,,1957.2,1238.8,73.16,,,,28.69905,77.23019
3/8/19,12:15:45,30.80,,,,629,698,1590,314,0.30,0.0,14.302,26.3,1.90,103,,,,,2647.2,1292.8,95.52,,,,28.69919,77.23025
3/8/19,12:15:55,30.79,,,,648,719,1543,324,0.31,0.0,14.302,26.3,1.90,105,,,,,1735.2,1184,102.32,,,,28.69931,77.23029
3/8/19,12:16:05,30.76,,,,691,767,1447,346,0.33,0.0,14.303,26.0,1.89,107,,,,,2700,1286.8,90.04,,,,28.69945,77.23036
3/8/19,12:16:15,30.73,,,,737,817,1357,368,0.35,0.0,14.304,25.7,1.86,119,,,,,2002.8,1244,85.52,,,,28.69959,77.23043
3/8/19,12:16:25,30.71,,,,756,838,1323,378,0.36,0.0,14.304,25.5,1.85,112,,,,,2750.4,886,82.28,,,,28.69972,77.2305
3/8/19,12:16:35,30.69,,,,774,858,1292,387,0.37,0.0,14.302,25.3,1.84,122,,,,,2696,1181.6,99.76,,,,28.69986,77.23056
3/8/19,12:16:45,30.67,,,,806,893,1241,403,0.39,0.0,14.301,25.2,1.83,127,,,,,2488,1228.4,92.56,,,,28.69998,77.23061
3/8/19,12:16:55,30.64,,,,848,938,1179,424,0.41,0.0,14.304,24.9,1.81,138,,,,,1609.2,1152.8,104.64,,,,28.7001,77.23067
3/8/19,12:17:05,30.62,,,,866,958,1155,433,0.42,0.0,14.302,24.9,1.81,141,,,,,2072.8,1163.2,106,,,,28.70023,77.23071
3/8/19,12:17:15,30.61,,,,873,966,1145,436,0.42,0.0,14.301,24.9,1.81,139,,,,,1510.8,1134.4,100.04,,,,28.70036,77.23075
3/8/19,12:17:25,30.59,,,,879,973,1138,440,0.43,0.0,14.302,24.9,1.81,135,,,,,1556.4,1167.6,97.36,,,,28.70047,77.2308
3/8/19,12:17:35,30.58,,,,885,978,1130,442,0.43,0.0,14.302,24.9,1.81,145,,,,,2490.4,1131.2,105.72,,,,28.70059,77.23085
3/8/19,12:17:45,30.57,,,,888,982,1126,444,0.43,0.0,14.302,24.9,1.81,144,,,,,2645.2,1132.4,95.4,,,,28.70073,77.23091
3/8/19,12:17:55,30.57,,,,892,986,1121,446,0.43,0.0,14.301,24.9,1.81,138,,,,,2439.2,1118.8,111,,,,28.70088,77.23101
3/8/19,12:18:05,30.56,,,,897,991,1115,448,0.44,0.0,14.301,24.9,1.81,143,,,,,2405.2,970.4,92.36,,,,28.701,77.23107
3/8/19,12:18:15,30.54,,,,904,999,1106,452,0.44,0.0,14.303,24.9,1.81,136,,,,,2986,761.6,103.2,,,,28.70114,77.23114
3/8/19,12:18:25,30.54,,,,897,992,1115,449,0.44,0.0,14.300,24.9,1.81,137,,,,,2396.8,498.8,98.24,,,,28.70124,77.23119
3/8/19,12:18:35,30.56,,,,851,941,1175,425,0.41,0.0,14.303,24.9,1.81,131,,,,,2468,915.2,83.08,,,,28.70138,77.23123
3/8/19,12:18:45,30.58,,,,827,914,1209,413,0.40,0.0,14.303,25.2,1.83,127,,,,,2171.6,802.4,91.52,,,,28.70151,77.2313
3/8/19,12:18:55,30.57,,,,844,933,1185,422,0.41,0.0,14.301,25.2,1.83,122,,,,,2562,457.2,95.72,,,,28.70166,77.23132
3/8/19,12:19:05,30.54,,,,881,974,1135,440,0.43,0.0,14.303,25.1,1.82,129,,,,,3013.6,721.2,112.2,,,,28.70178,77.23133
3/8/19,12:19:15,30.53,,,,881,974,1135,441,0.43,0.0,14.301,24.9,1.81,141,,,,,2586.8,853.6,97.52,,,,28.70195,77.23138
3/8/19,12:19:25,30.53,,,,892,986,1121,446,0.43,0.0,14.301,25.0,1.81,132,,,,,2586.8,853.6,97.52,,,,28.70207,77.23144
3/8/19,12:19:35,30.54,,,,873,965,1145,437,0.42,0.0,14.299,25.1,1.82,116,,,,,2840,684,78.08,,,,28.7022,77.23151
3/8/19,12:19:45,30.56,,,,851,941,1175,425,0.41,0.0,14.300,25.2,1.83,118,,,,,2840,684,78.08,,,,28.70233,77.23155
3/8/19,12:19:55,30.56,,,,841,930,1189,421,0.41,0.0,14.300,25.3,1.84,123,,,,,2900.8,881.2,98.36,,,,28.70246,77.2316
3/8/19,12:20:05,30.56,,,,849,939,1178,425,0.41,0.0,14.299,25.3,1.84,127,,,,,2900.8,881.2,98.36,,,,28.70264,77.23169
3/8/19,12:20:15,30.54,,,,879,972,1138,440,0.43,0.0,14.300,25.2,1.83,116,,,,,2496,550.4,90.88,,,,28.70279,77.23174
3/8/19,12:20:25,30.53,,,,900,995,1111,450,0.44,0.0,14.300,25.2,1.83,122,,,,,2496,550.4,90.88,,,,28.70293,77.23181
3/8/19,12:20:35,30.56,,,,805,891,1242,403,0.39,0.0,14.301,25.3,1.84,128,,,,,2446,648.84,89.92,,,,28.70303,77.2319
3/8/19,12:20:45,30.57,,,,818,905,1222,409,0.40,0.0,14.299,25.6,1.86,130,,,,,2446,648.84,89.92,,,,28.70321,77.23198
3/8/19,12:20:55,30.55,,,,869,960,1151,434,0.42,0.0,14.301,25.5,1.85,134,,,,,2713.6,654.8,87.04,,,,28.70334,77.23201
3/8/19,12:21:05,30.53,,,,853,942,1172,426,0.41,0.0,14.300,25.1,1.83,134,,,,,2642.4,679.6,104.36,,,,28.70349,77.23205
3/8/19,12:21:15,30.57,,,,816,903,1225,408,0.39,0.0,14.299,25.7,1.86,134,,,,,2343.6,678.8,87.88,,,,28.70363,77.23212
3/8/19,12:21:25,30.56,,,,839,928,1192,420,0.41,0.0,14.301,25.7,1.86,139,,,,,2604.4,522.8,88.56,,,,28.70367,77.23212
3/8/19,12:21:35,30.58,,,,718,794,1393,359,0.35,0.0,14.300,25.8,1.87,118,,,,,2503.2,648,95.2,,,,28.70387,77.23216
3/8/19,12:21:45,30.66,,,,736,815,1359,368,0.35,0.0,14.300,26.4,1.91,110,,,,,2533.6,816,96.36,,,,28.70387,77.23216
3/8/19,12:21:55,30.69,,,,684,758,1462,342,0.33,0.0,14.299,26.8,1.94,117,,,,,3057.6,634,88.84,,,,28.70414,77.23227
3/8/19,12:22:05,30.68,,,,658,729,1520,329,0.32,0.0,14.298,26.8,1.94,107,,,,,2798,734.4,91.12,,,,28.70428,77.23235
3/8/19,12:22:15,30.71,,,,726,805,1377,363,0.35,0.0,14.298,27.1,1.96,122,,,,,2675.2,734.4,91.76,,,,28.70441,77.23244
3/8/19,12:22:25,30.57,,,,837,925,1195,418,0.41,0.0,14.299,26.0,1.89,142,,,,,2760,725.6,91.96,,,,28.70452,77.23247
3/8/19,12:22:35,30.58,,,,790,874,1266,395,0.38,0.0,14.297,25.9,1.88,130,,,,,2671.6,726.8,83.48,,,,28.70466,77.23252
3/8/19,12:22:45,30.72,,,,588,652,1701,294,0.28,0.0,14.297,26.9,1.95,69.5,,,,,2726.8,554.4,93.4,,,,28.70478,77.23256
3/8/19,12:22:55,30.73,,,,676,750,1479,338,0.32,0.0,14.295,27.1,1.96,113,,,,,2788,820.8,96.36,,,,28.70492,77.23258
3/8/19,12:23:05,30.76,,,,618,685,1618,309,0.30,0.0,14.295,27.2,1.97,103,,,,,2874,496.4,82.76,,,,28.70506,77.23264
3/8/19,12:23:15,30.70,,,,695,770,1439,348,0.33,0.0,14.295,27.0,1.95,116,,,,,2950,476,94.32,,,,28.70516,77.23279
3/8/19,12:23:25,30.56,,,,905,1000,1105,452,0.44,0.0,14.297,26.0,1.89,141,,,,,2842.8,537.2,96.24,,,,28.70527,77.23283
3/8/19,12:23:35,30.48,,,,977,1079,1024,489,0.48,0.0,14.298,25.5,1.85,145,,,,,2915.2,527.6,80.08,,,,28.7053,77.23292
3/8/19,12:23:45,30.58,,,,766,847,1305,383,0.37,0.0,14.297,25.8,1.88,113,,,,,3030,452,93.32,,,,28.70516,77.23294
3/8/19,12:23:55,30.55,,,,855,945,1170,427,0.41,0.0,14.296,25.7,1.87,129,,,,,3023.6,526.4,102.8,,,,28.70499,77.23283
3/8/19,12:24:05,30.51,,,,929,1027,1076,465,0.45,0.0,14.298,25.4,1.85,143,,,,,3093.2,492.8,87.48,,,,28.70482,77.23275
3/8/19,12:24:15,30.51,,,,920,1016,1087,460,0.45,0.0,14.297,25.3,1.84,140,,,,,3207.2,519.2,89.32,,,,28.70465,77.23266
3/8/19,12:24:25,30.52,,,,906,1001,1104,453,0.44,0.0,14.297,25.4,1.84,142,,,,,3264.4,473.2,78.12,,,,28.70446,77.23258
3/8/19,12:24:35,30.52,,,,908,1004,1101,454,0.44,0.0,14.298,25.4,1.84,139,,,,,3170,503.2,76.36,,,,28.70429,77.23247
3/8/19,12:24:45,30.62,,,,757,838,1321,378,0.36,0.0,14.297,26.1,1.89,121,,,,,3242.4,469.6,75.92,,,,28.70414,77.23238
3/8/19,12:24:55,30.59,,,,774,857,1292,387,0.37,0.0,14.295,25.9,1.88,124,,,,,3240.4,469.6,95.48,,,,28.70397,77.23232
3/8/19,12:25:05,30.62,,,,775,858,1290,388,0.37,0.0,14.295,26.1,1.89,125,,,,,3254,510.8,89.52,,,,28.70385,77.23229
3/8/19,12:25:15,30.60,,,,787,870,1271,393,0.38,0.0,14.296,25.9,1.88,132,,,,,3366.4,466.4,94.56,,,,28.70368,77.23224
3/8/19,12:25:25,30.58,,,,811,897,1233,405,0.39,0.0,14.297,25.8,1.88,130,,,,,3358.4,484,83.76,,,,28.70355,77.2322
3/8/19,12:25:35,30.57,,,,827,915,1209,414,0.40,0.0,14.299,25.7,1.87,147,,,,,3439.2,452.4,83.2,,,,28.70334,77.23215
3/8/19,12:25:45,30.56,,,,847,936,1181,423,0.41,0.0,14.297,25.6,1.86,129,,,,,3447.2,521.2,100.28,,,,28.70316,77.23212
3/8/19,12:25:55,30.59,,,,778,860,1285,389,0.38,0.0,14.294,25.8,1.87,140,,,,,3424.8,476.4,84.96,,,,28.70299,77.23205
3/8/19,12:26:05,30.59,,,,790,874,1266,395,0.38,0.0,14.296,25.8,1.87,123,,,,,3348,499.2,97.76,,,,28.70276,77.23201
3/8/19,12:26:15,30.58,,,,802,887,1247,401,0.39,0.0,14.296,25.8,1.87,131,,,,,3205.2,499.6,80.92,,,,28.70257,77.23198
3/8/19,12:26:25,30.61,,,,759,840,1318,380,0.37,0.0,14.295,26.0,1.88,110,,,,,3299.2,500,89.36,,,,28.70235,77.23192
3/8/19,12:26:35,30.62,,,,740,819,1351,370,0.36,0.0,14.293,26.0,1.89,135,,,,,3281.2,492.4,89.4,,,,28.70214,77.23188
3/8/19,12:26:45,30.60,,,,779,862,1284,390,0.38,0.0,14.293,25.8,1.87,121,,,,,3298.4,502.4,95.36,,,,28.70194,77.23181
3/8/19,12:26:55,30.62,,,,740,819,1351,370,0.36,0.0,14.293,26.0,1.89,105,,,,,3350.4,511.6,83.4,,,,28.70173,77.23176
3/8/19,12:27:05,30.64,,,,698,773,1433,349,0.34,0.0,14.293,26.2,1.90,108,,,,,3328.8,508.8,89.96,,,,28.70153,77.2317
3/8/19,12:27:15,30.68,,,,660,731,1515,330,0.32,0.0,14.295,26.5,1.92,120,,,,,3249.6,511.2,95.56,,,,28.70131,77.23163
3/8/19,12:27:25,30.67,,,,684,757,1462,342,0.33,0.0,14.294,26.4,1.91,129,,,,,3294.8,619.2,99.6,,,,28.70114,77.23156
3/8/19,12:27:35,30.66,,,,702,777,1425,351,0.34,0.0,14.293,26.2,1.90,118,,,,,3232,529.6,86.52,,,,28.70099,77.23149
3/8/19,12:27:45,30.65,,,,705,781,1418,353,0.34,0.0,14.294,26.2,1.90,112,,,,,3275.6,597.6,85.36,,,,28.70087,77.23142
3/8/19,12:27:55,30.66,,,,702,777,1425,351,0.34,0.0,14.294,26.2,1.90,112,,,,,3330.8,546.4,78.96,,,,28.70065,77.23136
3/8/19,12:28:05,30.67,,,,669,741,1495,334,0.32,0.0,14.294,26.3,1.90,111,,,,,3434,504,91.28,,,,28.70046,77.23128
3/8/19,12:28:15,30.69,,,,648,719,1543,324,0.31,0.0,14.293,26.5,1.92,143,,,,,3032,518.8,90.16,,,,28.70022,77.23115
3/8/19,12:28:25,30.70,,,,637,706,1570,319,0.31,0.0,14.296,26.6,1.93,45.8,,,,,3324.4,574,91.28,,,,28.70003,77.23102
3/8/19,12:28:35,30.71,,,,644,714,1553,322,0.31,0.0,14.294,26.5,1.92,110,,,,,2689.6,444.4,91.84,,,,28.69988,77.23086
3/8/19,12:28:45,30.71,,,,662,734,1511,331,0.32,0.0,14.292,26.4,1.91,108,,,,,3432,713.2,80.8,,,,28.69974,77.23073
3/8/19,12:28:55,30.69,,,,687,761,1456,343,0.33,0.0,14.293,26.2,1.90,119,,,,,3510.8,814.4,83.52,,,,28.69959,77.23062
3/8/19,12:29:05,30.68,,,,703,779,1422,351,0.34,0.0,14.292,26.1,1.89,105,,,,,3415.6,1226.4,115.08,,,,28.69946,77.23055
3/8/19,12:29:15,30.68,,,,711,787,1406,355,0.34,0.0,14.290,25.9,1.88,109,,,,,3396,970.8,83.96,,,,28.6993,77.23044
3/8/19,12:29:25,30.68,,,,712,789,1404,356,0.34,0.0,14.290,25.9,1.88,114,,,,,2915.2,1120.8,84.16,,,,28.69918,77.23036
3/8/19,12:29:35,30.69,,,,703,779,1422,352,0.34,0.0,14.289,25.9,1.88,114,,,,,2891.6,1333.6,81.36,,,,28.69903,77.23029
3/8/19,12:29:45,30.70,,,,693,768,1443,347,0.33,0.0,14.290,26.0,1.88,104,,,,,2664,1321.6,85.56,,,,28.69888,77.23019
3/8/19,12:29:55,30.69,,,,710,787,1408,355,0.34,0.0,14.290,25.9,1.88,75.9,,,,,2674,921.2,90.44,,,,28.69872,77.23009
3/8/19,12:30:05,30.68,,,,736,816,1359,368,0.35,0.0,14.291,25.7,1.86,99.9,,,,,2674,921.2,90.44,,,,28.69854,77.22997
3/8/19,12:30:15,30.67,,,,748,828,1337,374,0.36,0.0,14.290,25.6,1.85,63.4,,,,,2626.8,776.8,80.28,,,,28.69836,77.22992
3/8/19,12:30:25,30.67,,,,753,834,1328,377,0.36,0.0,14.289,25.4,1.84,86.8,,,,,2534.4,1275.2,84.88,,,,28.69819,77.22989
3/8/19,12:30:35,30.69,,,,733,812,1364,366,0.35,0.0,14.287,25.5,1.85,88.3,,,,,2534.4,1275.2,84.88,,,,28.69797,77.22984
3/8/19,12:30:45,30.71,,,,716,793,1397,358,0.34,0.0,14.286,25.6,1.86,83.5,,,,,2538.8,893.2,81.2,,,,28.69777,77.22981
3/8/19,12:30:55,30.73,,,,701,778,1427,351,0.34,0.0,14.290,25.9,1.87,83.1,,,,,2538.8,893.2,81.2,,,,28.69757,77.22977
3/8/19,12:31:05,30.74,,,,693,769,1443,347,0.33,0.0,14.289,25.9,1.87,74.1,,,,,2534,665.2,83.04,,,,28.6974,77.22975
3/8/19,12:31:15,30.74,,,,692,768,1445,346,0.33,0.0,14.289,25.9,1.87,69.5,,,,,2534,665.2,83.04,,,,28.69724,77.22971
3/8/19,12:31:25,30.74,,,,700,777,1429,350,0.34,0.0,14.289,26.0,1.88,76.5,,,,,2573.2,1192.8,101.4,,,,28.69703,77.22968
3/8/19,12:31:35,30.75,,,,694,770,1441,347,0.33,0.0,14.289,25.9,1.87,64.3,,,,,2573.2,1192.8,101.4,,,,28.69682,77.22966
3/8/19,12:31:45,30.72,,,,743,823,1346,371,0.36,0.0,14.292,25.8,1.87,70.2,,,,,2518.4,1079.2,88,,,,28.69659,77.22962
3/8/19,12:31:55,30.69,,,,800,887,1250,400,0.39,0.0,14.288,25.6,1.85,79.6,,,,,2410.8,925.2,114.36,,,,28.69641,77.22961
3/8/19,12:32:05,30.68,,,,809,896,1236,405,0.39,0.0,14.290,25.3,1.83,62.3,,,,,2443.6,1313.6,111.48,,,,28.69621,77.22958
3/8/19,12:32:15,30.61,,,,914,1011,1094,457,0.44,0.0,14.289,24.9,1.80,108,,,,,2518.8,1535.2,108.56,,,,28.69598,77.22956
3/8/19,12:32:25,30.61,,,,930,1029,1075,465,0.45,0.0,14.288,24.9,1.80,80.6,,,,,2498,1206.4,102.52,,,,28.69585,77.22956
3/8/19,12:32:35,30.56,,,,978,1081,1022,489,0.48,0.0,14.288,24.9,1.81,117,,,,,2438.8,1606.8,117.92,,,,28.69585,77.22956
3/8/19,12:32:45,30.54,,,,999,1105,1001,500,0.49,0.0,14.287,24.9,1.81,117,,,,,2528.8,720.8,99.96,,,,28.69585,77.22956
3/8/19,12:32:55,30.52,,,,1036,1145,965,518,0.51,0.0,14.289,24.9,1.81,120,,,,,2504.8,676,110.08,,,,28.69585,77.22956
3/8/19,12:33:05,30.50,,,,1062,1173,942,531,0.52,0.0,14.289,24.9,1.81,133,,,,,2316.4,687.2,102.32,,,,28.69585,77.22956
3/8/19,12:33:15,30.49,,,,1095,1210,913,548,0.54,0.0,14.288,24.9,1.81,146,,,,,2312.4,602,105.68,,,,28.69585,77.22956
3/8/19,12:33:25,30.48,,,,1090,1204,917,545,0.53,0.0,14.287,24.9,1.81,143,,,,,2264,810.8,113.44,,,,28.69585,77.22956
3/8/19,12:33:35,30.48,,,,1095,1209,913,547,0.54,0.0,14.288,24.9,1.81,150,,,,,2245.2,638.8,101.2,,,,28.69585,77.22956
3/8/19,12:33:45,30.47,,,,1121,1237,892,560,0.55,0.0,14.288,24.9,1.81,157,,,,,2190,772.4,108.32,,,,28.69585,77.22956
3/8/19,12:33:55,30.46,,,,1127,1244,887,563,0.55,0.0,14.289,24.9,1.81,143,,,,,2126,692,116.48,,,,28.69585,77.22956
3/8/19,12:34:05,30.44,,,,1150,1269,870,575,0.56,0.0,14.287,24.9,1.81,156,,,,,1678.8,629.6,108.48,,,,28.69585,77.22956
3/8/19,12:34:15,30.45,,,,1144,1262,874,572,0.56,0.0,14.288,24.9,1.81,151,,,,,1498,793.2,105.92,,,,28.69332,77.22961
3/8/19,12:34:25,30.42,,,,1188,1311,842,594,0.58,0.0,14.285,24.9,1.81,146,,,,,1864,606.4,108.08,,,,28.69311,77.22962
3/8/19,12:34:35,30.42,,,,1189,1312,841,594,0.58,0.0,14.285,24.9,1.81,121,,,,,1981.2,624.8,104.28,,,,28.69291,77.22964
3/8/19,12:34:45,30.44,,,,1161,1281,861,580,0.57,0.0,14.284,24.9,1.81,169,,,,,2041.6,1178,111.64,,,,28.69266,77.22971
3/8/19,12:34:55,30.43,,,,1177,1299,850,589,0.58,0.0,14.283,24.9,1.81,158,,,,,2118.4,697.2,115.92,,,,28.69244,77.22971
3/8/19,12:35:05,30.41,,,,1209,1333,827,604,0.59,0.0,14.282,24.9,1.81,230,,,,,2145.6,812.4,103.72,,,,28.69218,77.22968
3/8/19,12:35:15,30.41,,,,1205,1329,830,603,0.59,0.0,14.282,24.9,1.81,173,,,,,2191.2,729.2,104.56,,,,28.69194,77.22971
3/8/19,12:35:25,30.42,,,,1211,1335,826,605,0.60,0.0,14.285,24.9,1.81,184,,,,,2219.2,666.4,99.84,,,,28.6917,77.22971
3/8/19,12:35:35,30.37,,,,1255,1383,797,627,0.62,0.0,14.283,24.9,1.81,154,,,,,2427.6,696,114.64,,,,28.69147,77.22971
3/8/19,12:35:45,30.36,,,,1275,1404,784,637,0.63,0.0,14.282,24.9,1.81,162,,,,,2525.2,731.2,121.84,,,,28.69121,77.22975
3/8/19,12:35:55,30.35,,,,1287,1417,777,643,0.63,0.0,14.282,24.9,1.81,176,,,,,2695.6,1152.4,128.76,,,,28.69095,77.22977
3/8/19,12:36:05,30.33,,,,1306,1438,766,653,0.64,0.0,14.280,24.9,1.81,158,,,,,2803.2,974.4,129.44,,,,28.69071,77.22977
3/8/19,12:36:15,30.31,,,,1322,1456,756,661,0.65,0.0,14.280,24.9,1.81,158,,,,,2994.4,1456.8,122.48,,,,28.6905,77.2298
3/8/19,12:36:25,30.30,,,,1325,1459,755,663,0.65,0.0,14.281,24.9,1.81,145,,,,,3059.6,1057.2,132.2,,,,28.69024,77.22981
3/8/19,12:36:35,30.29,,,,1334,1468,750,667,0.66,0.0,14.283,24.9,1.81,190,,,,,3079.2,928.4,131.72,,,,28.69002,77.22984
3/8/19,12:36:45,30.31,,,,1325,1458,755,662,0.65,0.0,14.283,24.9,1.81,135,,,,,3156,652.8,134.44,,,,28.6898,77.22989
3/8/19,12:36:55,30.35,,,,1285,1416,778,643,0.63,0.0,14.282,24.9,1.81,138,,,,,3258,1270,127.68,,,,28.68957,77.22992
3/8/19,12:37:05,30.37,,,,1276,1406,784,638,0.63,0.0,14.281,24.9,1.81,190,,,,,3379.6,656,131.4,,,,28.68934,77.22996
3/8/19,12:37:15,30.39,,,,1245,1373,803,623,0.61,0.0,14.284,24.9,1.81,144,,,,,3232.4,635.2,122.48,,,,28.68909,77.22997
3/8/19,12:37:25,30.42,,,,1218,1343,821,609,0.60,0.0,14.280,24.9,1.81,134,,,,,2968.4,632,120.36,,,,28.68886,77.22997
3/8/19,12:37:35,30.44,,,,1186,1309,843,593,0.58,0.0,14.280,24.9,1.81,145,,,,,2880.4,714.4,133.2,,,,28.68863,77.23003
3/8/19,12:37:45,30.48,,,,1146,1265,873,573,0.56,0.0,14.279,24.9,1.81,217,,,,,2731.6,723.2,125.48,,,,28.68843,77.23004
3/8/19,12:37:55,30.52,,,,1094,1209,914,547,0.54,0.0,14.282,24.9,1.81,131,,,,,2760.8,662.8,118.44,,,,28.68818,77.23008
3/8/19,12:38:05,30.56,,,,1048,1158,954,524,0.51,0.0,14.281,24.9,1.80,141,,,,,2575.2,1611.2,117,,,,28.68793,77.23012
3/8/19,12:38:15,30.60,,,,989,1094,1011,494,0.48,0.0,14.278,24.9,1.80,143,,,,,2317.2,1358.8,127.96,,,,28.68771,77.23019
3/8/19,12:38:25,30.62,,,,969,1072,1032,484,0.47,0.0,14.281,24.9,1.80,132,,,,,2312,1682.8,124.96,,,,28.68745,77.23023
3/8/19,12:38:35,30.62,,,,990,1096,1010,495,0.48,0.0,14.280,24.9,1.80,93.6,,,,,2321.6,1743.6,133.16,,,,28.68722,77.23023
3/8/19,12:38:45,30.64,,,,950,1052,1053,475,0.46,0.0,14.281,24.9,1.80,39.9,,,,,2313.2,1714.4,120.28,,,,28.68701,77.23027
3/8/19,12:38:55,30.66,,,,955,1058,1047,478,0.46,0.0,14.281,24.9,1.80,87.9,,,,,2306.8,1784,132.56,,,,28.68676,77.23032
3/8/19,12:39:05,30.68,,,,915,1014,1093,457,0.44,0.0,14.280,24.9,1.80,69.6,,,,,2318.8,1746,125.88,,,,28.6865,77.23036
3/8/19,12:39:15,30.66,,,,966,1070,1035,483,0.47,0.0,14.282,24.9,1.80,84.0,,,,,2293.2,1497.6,115.56,,,,28.68631,77.23038
3/8/19,12:39:25,30.58,,,,1020,1128,980,510,0.50,0.0,14.282,24.9,1.80,91.2,,,,,2321.6,1356,130.64,,,,28.68609,77.23042
3/8/19,12:39:35,30.56,,,,1071,1184,934,535,0.52,0.0,14.283,24.9,1.80,146,,,,,2406.8,1512,126.88,,,,28.6858,77.23046
3/8/19,12:39:45,30.49,,,,1115,1232,897,558,0.55,0.0,14.283,24.9,1.81,171,,,,,2312,635.6,126.12,,,,28.68559,77.23052
3/8/19,12:39:55,30.49,,,,1112,1228,899,556,0.54,0.0,14.283,24.9,1.81,104,,,,,2298.8,769.2,124.16,,,,28.68534,77.23056
3/8/19,12:40:05,30.47,,,,1160,1281,862,580,0.57,0.0,14.283,24.9,1.81,192,,,,,2314,800.8,136.68,,,,28.6851,77.2306
3/8/19,12:40:15,30.45,,,,1167,1288,857,583,0.57,0.0,14.282,24.9,1.81,127,,,,,2368.4,754,128.76,,,,28.68489,77.23064
3/8/19,12:40:25,30.43,,,,1191,1314,840,595,0.59,0.0,14.280,24.9,1.81,130,,,,,2310.8,766.4,129.76,,,,28.68465,77.23069
3/8/19,12:40:35,30.44,,,,1187,1309,842,593,0.58,0.0,14.280,24.9,1.81,127,,,,,2316.4,921.6,140.32,,,,28.68441,77.23073
3/8/19,12:40:45,30.43,,,,1187,1309,842,593,0.58,0.0,14.279,24.9,1.81,222,,,,,2298.8,828.4,127.64,,,,28.68419,77.23077
3/8/19,12:40:55,30.43,,,,1193,1316,838,596,0.59,0.0,14.281,24.9,1.81,116,,,,,2298.8,828.4,127.64,,,,28.68401,77.23082
3/8/19,12:41:05,30.43,,,,1197,1321,835,599,0.59,0.0,14.281,24.9,1.81,73.5,,,,,2225.2,851.6,135.88,,,,28.68378,77.23088
3/8/19,12:41:15,30.43,,,,1195,1318,837,597,0.59,0.0,14.281,24.9,1.81,101,,,,,2225.2,851.6,135.88,,,,28.6836,77.23094
3/8/19,12:41:25,30.43,,,,1194,1318,838,597,0.59,0.0,14.282,24.9,1.81,68.2,,,,,2129.2,916,115.44,,,,28.68342,77.23098
3/8/19,12:41:35,30.43,,,,1192,1316,839,596,0.59,0.0,14.281,24.9,1.81,93.1,,,,,1327.2,1889.6,120,,,,28.6833,77.23098
3/8/19,12:41:45,30.44,,,,1187,1310,842,594,0.58,0.0,14.281,24.9,1.81,122,,,,,1327.2,1889.6,120,,,,28.68307,77.23102
3/8/19,12:41:55,30.44,,,,1190,1313,840,595,0.58,0.0,14.283,24.9,1.81,234,,,,,2014.8,1900.4,132.72,,,,28.68282,77.23105
3/8/19,12:42:05,30.45,,,,1186,1309,843,593,0.58,0.0,14.283,24.9,1.81,93.9,,,,,2014.8,1900.4,132.72,,,,28.68255,77.2311
3/8/19,12:42:15,30.45,,,,1182,1305,846,591,0.58,0.0,14.283,24.9,1.81,168,,,,,1993.2,1762,144.92,,,,28.68234,77.23115
3/8/19,12:42:25,30.44,,,,1188,1311,842,594,0.58,0.0,14.281,24.9,1.81,160,,,,,1993.2,1762,144.92,,,,28.68212,77.2312
3/8/19,12:42:35,30.43,,,,1196,1319,836,598,0.59,0.0,14.281,24.9,1.81,182,,,,,2064.8,792.4,107.64,,,,28.6819,77.23125
3/8/19,12:42:45,30.42,,,,1210,1335,826,605,0.60,0.0,14.279,24.9,1.81,176,,,,,2162,989.6,96.12,,,,28.68167,77.23128
3/8/19,12:42:55,30.41,,,,1226,1352,816,613,0.60,0.0,14.278,24.9,1.81,63.3,,,,,2181.2,1748,131.88,,,,28.68146,77.23132
3/8/19,12:43:05,30.39,,,,1241,1368,806,620,0.61,0.0,14.280,24.9,1.81,84.7,,,,,2237.2,2065.6,137.08,,,,28.68127,77.23128
3/8/19,12:43:15,30.33,,,,1248,1375,801,624,0.61,0.0,14.281,24.9,1.81,79.9,,,,,2316,1296.4,114.88,,,,28.68124,77.23114
3/8/19,12:43:25,30.29,,,,1245,1370,803,622,0.61,0.0,14.283,24.9,1.81,58.1,,,,,2431.2,978.4,95.68,,,,28.68112,77.2311
3/8/19,12:43:35,30.31,,,,1257,1383,796,628,0.62,0.0,14.280,24.9,1.81,83.2,,,,,2522.4,998.8,96.52,,,,28.68097,77.23128
3/8/19,12:43:45,30.34,,,,1262,1390,792,631,0.62,0.0,14.280,24.9,1.81,77.9,,,,,2593.6,734.8,109.2,,,,28.68082,77.23136
3/8/19,12:43:55,30.37,,,,1259,1388,794,630,0.62,0.0,14.278,24.9,1.81,134,,,,,2714.8,842.4,96.2,,,,28.68064,77.23142
3/8/19,12:44:05,30.39,,,,1251,1380,799,626,0.62,0.0,14.280,24.9,1.81,71.5,,,,,2876.8,791.2,115.44,,,,28.68044,77.23155
3/8/19,12:44:15,30.41,,,,1240,1367,806,620,0.61,0.0,14.281,24.9,1.81,72.8,,,,,2850.4,704.4,99.96,,,,28.68026,77.23164
3/8/19,12:44:25,30.44,,,,1220,1346,820,610,0.60,0.0,14.282,24.9,1.81,79.9,,,,,2996.4,974,112.92,,,,28.68012,77.23172
3/8/19,12:44:35,30.48,,,,1186,1309,843,593,0.58,0.0,14.281,24.9,1.81,81.5,,,,,3195.6,734.8,94.32,,,,28.67993,77.23185
3/8/19,12:44:45,30.52,,,,1153,1274,867,576,0.57,0.0,14.283,24.9,1.81,85.5,,,,,3140,689.6,93.48,,,,28.67975,77.23195
3/8/19,12:44:55,30.55,,,,1121,1239,892,560,0.55,0.0,14.284,24.9,1.80,90.1,,,,,3278.8,1386,137.56,,,,28.67958,77.23205
3/8/19,12:45:05,30.58,,,,1095,1211,913,547,0.54,0.0,14.282,24.9,1.80,122,,,,,3205.6,777.2,126.32,,,,28.67939,77.23215
3/8/19,12:45:15,30.59,,,,1074,1189,931,537,0.53,0.0,14.280,24.9,1.80,120,,,,,3284.8,1573.6,138.16,,,,28.67922,77.23224
3/8/19,12:45:25,30.62,,,,1049,1161,953,524,0.51,0.0,14.281,24.9,1.80,110,,,,,3298,1242.8,134.88,,,,28.67905,77.23235
3/8/19,12:45:35,30.64,,,,1014,1123,986,507,0.49,0.0,14.281,24.9,1.80,107,,,,,3181.6,1547.2,123.52,,,,28.67888,77.23245
3/8/19,12:45:45,30.68,,,,980,1086,1020,490,0.48,0.0,14.280,24.9,1.80,123,,,,,3191.6,1605.2,131.2,,,,28.67872,77.23258
3/8/19,12:45:55,30.69,,,,969,1073,1032,484,0.47,0.0,14.280,24.9,1.80,105,,,,,3148.8,970.4,103.6,,,,28.67857,77.23268
3/8/19,12:46:05,30.69,,,,957,1061,1045,479,0.47,0.0,14.279,24.9,1.80,41.0,,,,,3180,1237.2,99.16,,,,28.6784,77.23283
3/8/19,12:46:15,30.69,,,,955,1059,1047,478,0.46,0.0,14.281,24.9,1.80,73.7,,,,,3093.6,1461.6,95.92,,,,28.67824,77.23294
3/8/19,12:46:25,30.70,,,,948,1051,1055,474,0.46,0.0,14.282,24.9,1.80,95.2,,,,,3060.4,1033.2,111.84,,,,28.67807,77.23304
3/8/19,12:46:35,30.71,,,,944,1046,1059,472,0.46,0.0,14.278,24.9,1.80,87.2,,,,,3071.6,708.4,101.4,,,,28.6779,77.23318
3/8/19,12:46:45,30.70,,,,952,1056,1050,476,0.46,0.0,14.279,24.9,1.80,98.6,,,,,3180.8,998.8,121.32,,,,28.67774,77.23328
3/8/19,12:46:55,30.69,,,,963,1067,1038,481,0.47,0.0,14.276,24.9,1.80,46.2,,,,,3210.4,1281.6,111.12,,,,28.67757,77.23339
3/8/19,12:47:05,30.68,,,,980,1086,1020,490,0.48,0.0,14.276,24.9,1.80,113,,,,,3184.4,1342.4,103.72,,,,28.67739,77.23352
3/8/19,12:47:15,30.67,,,,991,1098,1009,496,0.48,0.0,14.278,24.9,1.80,85.3,,,,,3114.4,1764,119.84,,,,28.67722,77.23362
3/8/19,12:47:25,30.65,,,,1013,1121,987,506,0.49,0.0,14.279,24.9,1.80,80.2,,,,,3139.6,1141.6,109.32,,,,28.67705,77.23373
3/8/19,12:47:35,30.63,,,,1024,1134,977,512,0.50,0.0,14.280,24.9,1.80,140,,,,,3169.2,936.4,111.32,,,,28.67684,77.23384
3/8/19,12:47:45,30.63,,,,1029,1139,972,515,0.50,0.0,14.277,24.9,1.80,105,,,,,2996.8,823.2,118.36,,,,28.6767,77.23392
3/8/19,12:47:55,30.63,,,,1035,1146,966,518,0.51,0.0,14.279,24.9,1.80,57.5,,,,,3097.2,814.8,97.76,,,,28.67652,77.234
3/8/19,12:48:05,30.62,,,,1043,1154,959,521,0.51,0.0,14.281,24.9,1.80,68.7,,,,,2959.6,828,99.2,,,,28.67634,77.23407
3/8/19,12:48:15,30.62,,,,1045,1156,957,522,0.51,0.0,14.281,24.9,1.80,88.2,,,,,3004.4,1136.8,113.4,,,,28.67612,77.23414
3/8/19,12:48:25,30.62,,,,1052,1164,951,526,0.51,0.0,14.282,24.9,1.80,64.0,,,,,3093.6,846,122.04,,,,28.67593,77.23423
3/8/19,12:48:35,30.61,,,,1061,1174,943,530,0.52,0.0,14.280,24.9,1.80,88.7,,,,,3172.8,796,114.76,,,,28.67575,77.23432
3/8/19,12:48:45,30.60,,,,1071,1185,934,535,0.52,0.0,14.279,24.9,1.80,80.6,,,,,3235.2,957.6,116.36,,,,28.67556,77.23438
3/8/19,12:48:55,30.59,,,,1078,1193,928,539,0.53,0.0,14.283,24.9,1.80,81.3,,,,,3315.2,762.8,97.76,,,,28.67541,77.23445
3/8/19,12:49:05,30.59,,,,1082,1197,924,541,0.53,0.0,14.281,24.9,1.80,144,,,,,3294.8,690,124.44,,,,28.67519,77.23453
3/8/19,12:49:15,30.59,,,,1082,1197,924,541,0.53,0.0,14.281,24.9,1.80,84.0,,,,,3347.2,1410.4,119.84,,,,28.67501,77.23461
3/8/19,12:49:25,30.59,,,,1086,1202,921,543,0.53,0.0,14.282,24.9,1.80,81.6,,,,,3469.2,1624.4,91.48,,,,28.67483,77.23469
3/8/19,12:49:35,30.59,,,,1079,1194,927,539,0.53,0.0,14.283,24.9,1.80,84.2,,,,,3562.4,1702.8,101.6,,,,28.67465,77.23475
3/8/19,12:49:45,30.61,,,,1062,1176,942,531,0.52,0.0,14.285,24.9,1.80,63.3,,,,,3620,1318,91.72,,,,28.67443,77.23482
3/8/19,12:49:55,30.62,,,,1058,1170,945,529,0.52,0.0,14.283,24.9,1.80,89.7,,,,,3553.2,1297.2,101.68,,,,28.67423,77.23489
3/8/19,12:50:05,30.63,,,,1035,1146,966,517,0.51,0.0,14.280,24.9,1.80,84.9,,,,,3525.2,1586.4,105.44,,,,28.67405,77.23496
3/8/19,12:50:15,30.66,,,,1012,1121,988,506,0.49,0.0,14.280,24.9,1.80,41.0,,,,,3653.6,1560.4,105.68,,,,28.67387,77.23503
3/8/19,12:50:25,30.68,,,,973,1078,1028,486,0.47,0.0,14.282,24.9,1.80,69.9,,,,,3738.8,938.8,115.04,,,,28.67369,77.2351
3/8/19,12:50:35,30.70,,,,955,1059,1047,478,0.46,0.0,14.280,24.9,1.80,80.3,,,,,3720.4,830.8,105.48,,,,28.67351,77.23518
3/8/19,12:50:45,30.72,,,,942,1044,1062,471,0.46,0.0,14.281,24.9,1.80,67.2,,,,,3661.6,748.8,131.32,,,,28.6733,77.23524
3/8/19,12:50:55,30.74,,,,924,1025,1082,462,0.45,0.0,14.280,24.9,1.80,64.0,,,,,3440.4,733.2,102.52,,,,28.67308,77.23524
3/8/19,12:51:05,30.75,,,,916,1016,1092,458,0.44,0.0,14.280,24.9,1.80,64.2,,,,,3792.8,1624,115.76,,,,28.67289,77.23528
3/8/19,12:51:15,30.78,,,,885,982,1130,443,0.43,0.0,14.280,24.9,1.80,69.6,,,,,4601.6,1238.8,102.56,,,,28.6727,77.23531
3/8/19,12:51:25,30.79,,,,874,971,1144,437,0.42,0.0,14.279,24.9,1.80,59.9,,,,,4352.4,1236,88.68,,,,28.67249,77.23534
3/8/19,12:51:35,30.81,,,,863,958,1159,431,0.42,0.0,14.279,24.9,1.80,60.0,,,,,4158,1406,115.84,,,,28.67227,77.23535
3/8/19,12:51:45,30.82,,,,850,944,1176,425,0.41,0.0,14.279,24.9,1.80,56.7,,,,,4158,1406,115.84,,,,28.67205,77.23535
3/8/19,12:51:55,30.82,,,,844,937,1185,422,0.41,0.0,14.279,24.9,1.80,64.2,,,,,4243.2,1302.8,107.04,,,,28.67188,77.23537
3/8/19,12:52:05,30.80,,,,889,987,1125,445,0.43,0.0,14.279,24.9,1.80,60.6,,,,,4243.2,1302.8,107.04,,,,28.67174,77.23535
3/8/19,12:52:15,30.84,,,,762,847,1312,381,0.37,0.0,14.280,24.9,1.80,41.2,,,,,4250.4,1020.8,97.36,,,,28.67157,77.23535
3/8/19,12:52:25,31.12,,,,508,568,1969,254,0.24,0.0,14.280,26.5,1.90,42.1,,,,,4250.4,1020.8,97.36,,,,28.67134,77.23537
3/8/19,12:52:35,31.15,,,,642,717,1558,321,0.31,0.0,14.279,27.6,1.98,54.3,,,,,4224.8,982.8,82.72,,,,28.67109,77.23544
3/8/19,12:52:45,30.93,,,,748,832,1337,374,0.36,0.0,14.280,24.9,1.79,58.0,,,,,4416,717.2,94.56,,,,28.67094,77.23552
3/8/19,12:52:55,31.07,,,,644,718,1553,322,0.31,0.0,14.280,25.5,1.84,55.2,,,,,4416,717.2,94.56,,,,28.67078,77.2356
3/8/19,12:53:05,31.08,,,,640,714,1563,320,0.31,0.0,14.281,25.7,1.84,53.6,,,,,4529.2,1109.6,91.8,,,,28.67062,77.23569
3/8/19,12:53:15,31.05,,,,670,747,1493,335,0.32,0.0,14.283,25.2,1.82,54.3,,,,,4529.2,1109.6,91.8,,,,28.67046,77.23581
3/8/19,12:53:25,31.09,,,,602,671,1661,301,0.29,0.0,14.280,25.4,1.82,46.4,,,,,4478.8,578.4,77.96,,,,28.67028,77.23586
3/8/19,12:53:35,31.18,,,,529,592,1890,265,0.25,0.0,14.282,26.3,1.89,49.7,,,,,4573.6,868.8,87.32,,,,28.67009,77.23594
3/8/19,12:53:45,31.19,,,,548,612,1825,274,0.26,0.0,14.282,26.7,1.91,38.8,,,,,3781.2,560.8,87.44,,,,28.66986,77.23598
3/8/19,12:53:55,31.18,,,,546,611,1832,273,0.26,0.0,14.280,26.4,1.89,64.8,,,,,4096.4,475.6,98.2,,,,28.66968,77.23604
3/8/19,12:54:05,31.18,,,,545,609,1835,273,0.26,0.0,14.282,26.4,1.89,63.0,,,,,4482.8,502.8,100.52,,,,28.66955,77.23608
3/8/19,12:54:15,31.21,,,,526,588,1901,263,0.25,0.0,14.284,26.6,1.91,53.4,,,,,4498.4,538.8,98.4,,,,28.66955,77.23608
3/8/19,12:54:25,31.15,,,,580,648,1724,290,0.28,0.0,14.284,26.2,1.88,50.9,,,,,4411.6,546,93.72,,,,28.66912,77.23622
3/8/19,12:54:35,31.18,,,,560,625,1786,280,0.27,0.0,14.284,26.5,1.90,48.6,,,,,4303.6,562.4,99.8,,,,28.66893,77.23628
3/8/19,12:54:45,31.17,,,,571,638,1751,286,0.27,0.0,14.284,26.2,1.88,57.5,,,,,4464,539.6,78.44,,,,28.66874,77.23631
3/8/19,12:54:55,31.14,,,,601,672,1664,301,0.29,0.0,14.283,25.9,1.86,45.4,,,,,4309.6,533.6,101.36,,,,28.66858,77.23637
3/8/19,12:55:05,31.14,,,,597,667,1675,299,0.29,0.0,14.282,25.8,1.86,42.9,,,,,4442,515.2,73.08,,,,28.66836,77.23644
3/8/19,12:55:15,31.11,,,,647,723,1546,324,0.31,0.0,14.283,25.7,1.85,43.5,,,,,4352.8,746,111.04,,,,28.66821,77.23651
3/8/19,12:55:25,31.11,,,,630,703,1587,315,0.30,0.0,14.284,25.4,1.83,43.0,,,,,4267.6,1315.2,102.6,,,,28.66798,77.23661
3/8/19,12:55:35,31.02,,,,735,820,1361,368,0.35,0.0,14.284,24.9,1.79,46.7,,,,,4116.4,1401.2,129.96,,,,28.6678,77.23669
3/8/19,12:55:45,31.01,,,,735,819,1361,368,0.35,0.0,14.286,24.9,1.79,46.4,,,,,4159.6,1124,130.08,,,,28.66764,77.23677
3/8/19,12:55:55,30.98,,,,771,859,1297,386,0.37,0.0,14.286,24.9,1.79,46.6,,,,,4326.8,745.6,122.2,,,,28.66745,77.2369
3/8/19,12:56:05,30.99,,,,773,861,1294,386,0.37,0.0,14.285,24.9,1.79,47.0,,,,,4097.6,789.6,124.04,,,,28.66733,77.237
3/8/19,12:56:15,30.98,,,,771,859,1297,386,0.37,0.0,14.283,24.9,1.79,47.1,,,,,3876.4,852,102.2,,,,28.66716,77.23715
3/8/19,12:56:25,30.95,,,,801,892,1248,401,0.39,0.0,14.284,24.9,1.79,50.4,,,,,3831.2,984,133.52,,,,28.66704,77.23726
3/8/19,12:56:35,30.93,,,,839,934,1192,420,0.41,0.0,14.282,24.9,1.79,57.1,,,,,3736.8,1185.6,98.8,,,,28.6669,77.23736
3/8/19,12:56:45,30.93,,,,837,931,1195,418,0.40,0.0,14.283,24.9,1.79,55.7,,,,,3732,721.6,118.96,,,,28.66674,77.23748
3/8/19,12:56:55,30.92,,,,859,956,1164,430,0.42,0.0,14.284,24.9,1.79,55.5,,,,,3828.8,1253.2,109.72,,,,28.66649,77.23768
3/8/19,12:57:05,30.92,,,,864,961,1157,432,0.42,0.0,14.283,24.9,1.79,54.6,,,,,3710.8,1003.2,120.08,,,,28.66635,77.23778
3/8/19,12:57:15,30.92,,,,869,967,1151,435,0.42,0.0,14.283,24.9,1.79,58.3,,,,,3666,1368.8,126.64,,,,28.66617,77.23794
3/8/19,12:57:25,30.90,,,,884,984,1131,442,0.43,0.0,14.284,24.9,1.80,52.6,,,,,3596.4,868.4,135.68,,,,28.66606,77.23802
3/8/19,12:57:35,30.89,,,,906,1007,1104,453,0.44,0.0,14.283,24.9,1.80,55.0,,,,,3627.6,1384.4,130.2,,,,28.66606,77.23802
3/8/19,12:57:45,30.88,,,,919,1022,1088,460,0.45,0.0,14.286,24.9,1.80,51.0,,,,,3790.8,1481.2,107.76,,,,28.66572,77.23836
3/8/19,12:57:55,30.89,,,,902,1003,1109,451,0.44,0.0,14.285,24.9,1.80,53.9,,,,,3592.8,924.4,113.32,,,,28.66554,77.23852
3/8/19,12:58:05,30.91,,,,891,991,1122,445,0.43,0.0,14.287,24.9,1.80,49.1,,,,,3271.6,1694,141.48,,,,28.66535,77.23869
3/8/19,12:58:15,30.90,,,,906,1008,1104,453,0.44,0.0,14.285,24.9,1.80,53.7,,,,,3332.8,1634,120.2,,,,28.66521,77.23885
3/8/19,12:58:25,30.83,,,,991,1100,1009,495,0.48,0.0,14.283,24.9,1.80,53.2,,,,,3446,1198.4,113.28,,,,28.66505,77.23902
3/8/19,12:58:35,30.82,,,,984,1092,1016,492,0.48,0.0,14.285,24.9,1.80,50.7,,,,,3220,1696,130.8,,,,28.66487,77.23918
3/8/19,12:58:45,30.84,,,,980,1089,1020,490,0.48,0.0,14.284,24.9,1.80,50.2,,,,,3282.4,1365.6,132.2,,,,28.66474,77.23934
3/8/19,12:58:55,30.84,,,,978,1087,1022,489,0.48,0.0,14.286,24.9,1.80,49.3,,,,,3678.4,998.8,111.32,,,,28.66461,77.23956
3/8/19,12:59:05,30.84,,,,971,1079,1030,486,0.47,0.0,14.283,24.9,1.80,50.4,,,,,3708.8,854.8,107.92,,,,28.66451,77.23976
3/8/19,12:59:15,30.91,,,,903,1004,1107,452,0.44,0.0,14.284,24.9,1.79,51.6,,,,,3820.8,1461.6,113.64,,,,28.66441,77.23998
3/8/19,12:59:25,30.92,,,,898,999,1114,449,0.44,0.0,14.285,24.9,1.79,48.4,,,,,3313.2,553.6,70,,,,28.66429,77.24018
3/8/19,12:59:35,30.96,,,,849,945,1178,424,0.41,0.0,14.286,24.9,1.79,48.7,,,,,3896.4,1298.4,118.52,,,,28.6642,77.24038
3/8/19,12:59:45,30.98,,,,833,927,1200,416,0.40,0.0,14.287,24.9,1.79,56.9,,,,,3821.6,960,94.68,,,,28.66412,77.24056
3/8/19,12:59:55,31.01,,,,813,906,1230,406,0.39,0.0,14.285,24.9,1.79,44.9,,,,,4045.6,1064,98.24,,,,28.66401,77.24078
3/8/19,13:00:05,31.03,,,,793,884,1261,397,0.38,0.0,14.286,24.9,1.79,44.7,,,,,4057.2,725.2,104.2,,,,28.66393,77.24097
3/8/19,13:00:15,31.03,,,,789,879,1267,394,0.38,0.0,14.287,24.9,1.79,49.3,,,,,3994,1490.4,100.56,,,,28.66382,77.24117
3/8/19,13:00:25,31.03,,,,792,883,1263,396,0.38,0.0,14.287,24.9,1.79,44.9,,,,,4027.6,1013.6,100.8,,,,28.66372,77.24139
3/8/19,13:00:35,31.03,,,,787,877,1271,393,0.38,0.0,14.287,24.9,1.79,46.4,,,,,3990,832.4,107.52,,,,28.66366,77.24159
3/8/19,13:00:45,31.06,,,,764,852,1309,382,0.37,0.0,14.288,24.9,1.79,44.4,,,,,4082.8,785.6,123.72,,,,28.66359,77.24178
3/8/19,13:00:55,31.06,,,,770,858,1299,385,0.37,0.0,14.289,24.9,1.79,44.9,,,,,4084,969.6,119.88,,,,28.66351,77.242
3/8/19,13:01:05,31.06,,,,770,858,1299,385,0.37,0.0,14.291,24.9,1.79,45.0,,,,,3419.2,1290.8,128.68,,,,28.66347,77.24221
3/8/19,13:01:15,31.05,,,,806,899,1241,403,0.39,0.0,14.291,24.9,1.79,45.6,,,,,3811.2,1170.8,136.16,,,,28.66343,77.24242
3/8/19,13:01:25,31.01,,,,819,913,1221,410,0.40,0.0,14.292,24.9,1.79,49.5,,,,,3447.6,1386,139.32,,,,28.66338,77.24262
3/8/19,13:01:35,30.98,,,,890,991,1124,445,0.43,0.0,14.293,24.9,1.79,48.4,,,,,3890.8,1493.2,115.64,,,,28.66332,77.24286
3/8/19,13:01:45,30.99,,,,908,1011,1101,454,0.44,0.0,14.291,24.9,1.79,50.3,,,,,3956.4,1085.6,124.92,,,,28.66329,77.2431
3/8/19,13:01:55,30.98,,,,885,985,1130,442,0.43,0.0,14.292,24.9,1.79,56.8,,,,,3831.2,1326.4,123.04,,,,28.66324,77.24334
3/8/19,13:02:05,31.00,,,,872,971,1147,436,0.42,0.0,14.290,24.9,1.79,50.6,,,,,3603.6,1078,103.08,,,,28.66317,77.24351
3/8/19,13:02:15,30.94,,,,922,1026,1085,461,0.45,0.0,14.291,24.9,1.79,49.3,,,,,3753.2,1401.6,101.44,,,,28.66316,77.24371
3/8/19,13:02:25,30.91,,,,966,1074,1035,483,0.47,0.0,14.293,24.9,1.80,48.3,,,,,3830.4,972.4,109.64,,,,28.66319,77.24388
3/8/19,13:02:35,30.99,,,,867,966,1153,433,0.42,0.0,14.293,24.9,1.79,50.5,,,,,3830.4,972.4,109.64,,,,28.66324,77.2441
3/8/19,13:02:45,30.99,,,,893,995,1120,447,0.43,0.0,14.291,24.9,1.79,55.1,,,,,3476.4,1565.6,129.2,,,,28.66329,77.2443
3/8/19,13:02:55,30.99,,,,892,993,1121,446,0.43,0.0,14.291,24.9,1.79,54.5,,,,,3476.4,1565.6,129.2,,,,28.66332,77.24451
3/8/19,13:03:05,31.12,,,,673,751,1486,337,0.32,0.0,14.294,24.9,1.79,64.7,,,,,4332.8,893.6,89.04,,,,28.66334,77.24472
3/8/19,13:03:15,31.21,,,,584,653,1712,292,0.28,0.0,14.296,25.3,1.82,52.9,,,,,4332.8,893.6,89.04,,,,28.66336,77.24492
3/8/19,13:03:25,31.25,,,,540,604,1852,270,0.26,0.0,14.297,26.0,1.86,57.9,,,,,4585.6,1112.8,103.48,,,,28.66337,77.24512
3/8/19,13:03:35,31.28,,,,505,565,1980,252,0.24,0.0,14.295,26.5,1.90,57.3,,,,,4585.6,1112.8,103.48,,,,28.66331,77.24531
3/8/19,13:03:45,31.28,,,,498,558,2008,249,0.24,0.0,14.295,26.7,1.92,59.5,,,,,4545.2,786.8,100.44,,,,28.66324,77.24555
3/8/19,13:03:55,31.28,,,,502,562,1992,251,0.24,0.0,14.294,26.8,1.92,56.6,,,,,4725.2,652.4,85.8,,,,28.66316,77.24571
3/8/19,13:04:05,31.18,,,,708,791,1412,354,0.34,0.0,14.295,25.8,1.85,51.3,,,,,4725.2,652.4,85.8,,,,28.66303,77.24566
3/8/19,13:04:15,31.12,,,,695,776,1439,348,0.33,0.0,14.295,24.9,1.79,49.4,,,,,4821.6,703.6,83.52,,,,28.66304,77.24554
3/8/19,13:04:25,31.11,,,,756,844,1323,378,0.36,0.0,14.294,24.9,1.79,56.4,,,,,5025.6,942.8,97.8,,,,28.66306,77.24536
3/8/19,13:04:35,31.08,,,,752,838,1330,376,0.36,0.0,14.295,24.9,1.79,48.5,,,,,4548,1193.6,111.68,,,,28.66304,77.24518
3/8/19,13:04:45,30.98,,,,923,1028,1083,461,0.45,0.0,14.297,24.9,1.79,73.8,,,,,4458.8,521.2,78.32,,,,28.66303,77.24502
3/8/19,13:04:55,30.89,,,,983,1093,1017,491,0.48,0.0,14.298,24.9,1.80,53.8,,,,,4341.2,744,90.36,,,,28.66304,77.24488
3/8/19,13:05:05,30.92,,,,969,1078,1032,485,0.47,0.0,14.297,24.9,1.80,66.0,,,,,4346.4,604.4,110.64,,,,28.66306,77.24472
3/8/19,13:05:15,30.91,,,,973,1082,1028,486,0.47,0.0,14.297,24.9,1.80,63.9,,,,,3658,932.8,104.76,,,,28.66307,77.24453
3/8/19,13:05:25,30.89,,,,993,1104,1007,496,0.48,0.0,14.297,24.9,1.80,55.5,,,,,3254.4,1232,116,,,,28.66308,77.24433
3/8/19,13:05:35,30.88,,,,982,1092,1018,491,0.48,0.0,14.298,24.9,1.80,58.2,,,,,3154.8,770,114.36,,,,28.6631,77.24418
3/8/19,13:05:45,30.96,,,,900,1001,1111,450,0.44,0.0,14.298,24.9,1.79,56.6,,,,,3198.8,796.8,111.28,,,,28.66314,77.24403
3/8/19,13:05:55,30.99,,,,862,960,1160,431,0.42,0.0,14.300,24.9,1.79,56.9,,,,,2886.8,1388.4,130.8,,,,28.66317,77.24389
3/8/19,13:06:05,30.93,,,,919,1023,1088,460,0.45,0.0,14.301,24.9,1.80,63.0,,,,,3529.2,733.2,103.48,,,,28.66318,77.24372
3/8/19,13:06:15,30.88,,,,952,1058,1050,476,0.46,0.0,14.300,24.9,1.80,66.9,,,,,3824.4,674,109.92,,,,28.66319,77.24358
3/8/19,13:06:25,30.93,,,,945,1052,1058,473,0.46,0.0,14.299,24.9,1.80,53.4,,,,,3901.2,790,117.04,,,,28.66318,77.24344
3/8/19,13:06:35,31.02,,,,803,895,1245,401,0.39,0.0,14.297,24.9,1.79,51.8,,,,,3776,766.4,99.92,,,,28.66319,77.24338
3/8/19,13:06:45,30.97,,,,880,979,1136,440,0.43,0.0,14.300,24.9,1.80,54.3,,,,,3526,862.8,115.04,,,,28.66319,77.24314
3/8/19,13:06:55,30.97,,,,874,973,1144,437,0.42,0.0,14.298,24.9,1.79,55.9,,,,,3204.8,931.6,107.56,,,,28.66322,77.24299
3/8/19,13:07:05,30.94,,,,930,1035,1075,465,0.45,0.0,14.298,24.9,1.80,51.8,,,,,3902.4,1162.8,113.32,,,,28.66326,77.2428
3/8/19,13:07:15,30.93,,,,926,1030,1080,463,0.45,0.0,14.298,24.9,1.80,48.0,,,,,3162.4,839.2,91.24,,,,28.66329,77.24269
3/8/19,13:07:25,30.97,,,,914,1018,1094,457,0.44,0.0,14.298,24.9,1.79,45.7,,,,,3450,1317.6,134.28,,,,28.66329,77.24269
3/8/19,13:07:35,30.98,,,,836,931,1196,418,0.40,0.0,14.299,24.9,1.79,44.5,,,,,3573.6,859.2,101.72,,,,28.66331,77.24248
3/8/19,13:07:45,30.96,,,,914,1017,1094,457,0.44,0.0,14.298,24.9,1.80,51.2,,,,,3737.2,639.2,91.28,,,,28.66337,77.24223
3/8/19,13:07:55,30.97,,,,887,988,1127,443,0.43,0.0,14.299,24.9,1.79,54.2,,,,,3587.2,696.8,114.56,,,,28.66341,77.24208
3/8/19,13:08:05,31.04,,,,811,905,1233,406,0.39,0.0,14.298,24.9,1.79,53.6,,,,,3068.4,715.2,110.32,,,,28.66341,77.24208
3/8/19,13:08:15,31.06,,,,805,897,1242,402,0.39,0.0,14.299,24.9,1.79,49.3,,,,,3925.2,1075.6,121.56,,,,28.66347,77.24184
3/8/19,13:08:25,31.04,,,,821,915,1218,410,0.40,0.0,14.298,24.9,1.79,52.9,,,,,3990.4,1181.6,110.72,,,,28.66347,77.24184
3/8/19,13:08:35,31.02,,,,845,941,1183,422,0.41,0.0,14.296,24.9,1.79,49.5,,,,,3961.6,617.2,112.68,,,,28.66347,77.24184
3/8/19,13:08:45,31.02,,,,846,943,1182,423,0.41,0.0,14.298,24.9,1.79,55.3,,,,,4014.4,1379.2,116.76,,,,28.66365,77.24132
3/8/19,13:08:55,30.97,,,,867,965,1153,433,0.42,0.0,14.297,24.9,1.79,49.9,,,,,4003.2,918.8,126.4,,,,28.66371,77.2412
3/8/19,13:09:05,31.01,,,,848,944,1179,424,0.41,0.0,14.299,24.9,1.79,47.9,,,,,4023.2,920.4,117.84,,,,28.66377,77.24101
3/8/19,13:09:15,31.01,,,,849,946,1178,424,0.41,0.0,14.298,24.9,1.79,58.8,,,,,3793.2,1142.4,106.56,,,,28.66382,77.24091
3/8/19,13:09:25,31.00,,,,877,977,1140,438,0.42,0.0,14.298,24.9,1.79,51.5,,,,,3644,1099.6,109.6,,,,28.66388,77.24076
3/8/19,13:09:35,30.95,,,,897,999,1115,449,0.44,0.0,14.299,24.9,1.80,52.8,,,,,2478.4,655.6,96.6,,,,28.66393,77.2406
3/8/19,13:09:45,30.94,,,,880,979,1136,440,0.43,0.0,14.298,24.9,1.80,45.8,,,,,3386.8,981.6,102.6,,,,28.66397,77.24045
3/8/19,13:09:55,30.93,,,,908,1011,1101,454,0.44,0.0,14.299,24.9,1.80,46.2,,,,,2097.2,448,88.68,,,,28.66402,77.24029
3/8/19,13:10:05,30.90,,,,948,1054,1055,474,0.46,0.0,14.299,24.9,1.80,51.1,,,,,2612.8,611.2,104.12,,,,28.66408,77.24018
3/8/19,13:10:15,30.83,,,,1032,1147,969,516,0.50,0.0,14.300,24.9,1.80,51.2,,,,,3587.2,610.8,112.76,,,,28.66414,77.24005
3/8/19,13:10:25,30.78,,,,1032,1146,969,516,0.50,0.0,14.300,24.9,1.80,50.8,,,,,2769.2,724.8,115.52,,,,28.66421,77.23989
3/8/19,13:10:35,30.79,,,,1022,1134,978,511,0.50,0.0,14.300,24.9,1.80,54.3,,,,,2767.2,756,115.2,,,,28.66426,77.23973
3/8/19,13:10:45,30.79,,,,1015,1127,985,508,0.50,0.0,14.299,24.9,1.80,54.4,,,,,2934.4,929.2,115,,,,28.66434,77.23958
3/8/19,13:10:55,30.80,,,,1006,1117,994,503,0.49,0.0,14.299,24.9,1.80,57.5,,,,,2399.6,708.8,131.64,,,,28.66444,77.23944
3/8/19,13:11:05,30.80,,,,1015,1127,985,508,0.50,0.0,14.300,24.9,1.80,57.6,,,,,2321.2,718.8,136.8,,,,28.66453,77.2393
3/8/19,13:11:15,30.79,,,,1009,1120,991,504,0.49,0.0,14.299,24.9,1.80,58.1,,,,,2156,673.2,121.76,,,,28.6646,77.23916
3/8/19,13:11:25,30.81,,,,994,1104,1006,497,0.48,0.0,14.300,24.9,1.80,62.2,,,,,2454,700,125.68,,,,28.66466,77.23902
3/8/19,13:11:35,30.82,,,,992,1102,1008,496,0.48,0.0,14.301,24.9,1.80,52.6,,,,,2399.6,679.2,133.04,,,,28.66472,77.23891
3/8/19,13:11:45,30.84,,,,975,1084,1026,488,0.47,0.0,14.300,24.9,1.80,49.8,,,,,2837.6,670.8,143.96,,,,28.66477,77.23882
3/8/19,13:11:55,30.81,,,,1001,1111,999,500,0.49,0.0,14.300,24.9,1.80,50.2,,,,,2288,708.8,125.32,,,,28.66479,77.23877